universityid,website
100654,www.aamu.edu/
100663,www.uab.edu
100690,www.amridgeuniversity.edu
100706,www.uah.edu
100724,www.alasu.edu/email/index.aspx
100751,www.ua.edu/
100760,www.cacc.edu
100830,www.aum.edu
100858,www.auburn.edu
100937,www.bsc.edu/
101028,www.cv.edu
101073,www.ccal.edu/
101116,southuniversity.edu
101143,www.escc.edu
101161,www.faulknerstate.edu
101189,www.faulkner.edu
101240,www.gadsdenstate.edu
101286,www.wallace.edu
101295,www.wallacestate.edu
101301,www.wccs.edu
101365,www.herzing.edu/birmingham
101435,www.huntingdon.edu
101462,www.drakestate.edu
101480,www.jsu.edu/
101499,www.jdcc.edu
101505,www.jeffstateonline.com
101514,www.calhoun.edu
101541,www.judson.edu
101569,www.lawsonstate.edu
101587,www.uwa.edu
101602,www.lbwcc.edu
101648,www.marionmilitary.edu
101675,www.miles.edu
101693,www.umobile.edu
101709,www.montevallo.edu
101736,www.nwscc.edu
101879,www.una.edu
101897,www.nacc.edu
101912,www.oakwood.edu
101949,www.ascc.edu
101958,princeinstitute.edu
101994,www.rstc.edu
102030,www.bishop.edu
102049,www.samford.edu
102058,selmauniversity.org
102067,www.sheltonstate.edu
102076,www.snead.edu
102094,www.southalabama.edu
102234,www.shc.edu
102261,www.sebc.edu
102270,www.stillman.edu
102298,www.talladega.edu
102313,www.trenholmstate.edu
102368,www.troy.edu
102377,www.tuskegee.edu
102429,www.bscc.edu
102553,www.uaa.alaska.edu
102614,www.uaf.edu
102632,www.uas.alaska.edu
102669,www.alaskapacific.edu
102845,www.chartercollege.edu
103361,www.pwscc.edu
103644,www.everestcollegephoenix.edu
103893,www.carrington.edu
103909,www.carrington.edu
103927,www.carrington.edu
103945,www.collegeamerica.edu
104090,www.brooklinecollege.edu
104151,www.asu.edu/
104160,www.azwestern.edu
104179,www.arizona.edu
104188,www.suva.edu
104346,www.centralaz.edu
104364,www.brownmackie.edu
104425,www.cochise.edu
104577,www.eac.edu
104586,www.erau.edu
104708,www.gccaz.edu
104717,www.gcu.edu
104805,www.anthem.edu
105118,www.kaplancollege.com/phoenix-az/
105145,www.gatewaycc.edu
105154,www.mesacc.edu
105163,www.itt-tech.edu
105172,www.itt-tech.edu
105206,www.mohave.edu
105297,www.dinecollege.edu
105330,nau.edu/
105349,www.npc.edu
105428,www.phoenixcollege.edu
105516,www.phoenix.edu
105525,www.pima.edu
105534,pmi.edu
105543,pmi.edu
105589,www.prescott.edu
105659,refrigerationschool.com
105668,www.rio.maricopa.edu
105747,www.scottsdalecc.edu
105792,www.southmountaincc.edu
105899,www.arizonachristian.edu
106041,www.uti.edu
106102,www.west.edu
106148,www.yc.edu
106245,ualr.edu/www/
106306,www.arkansasbaptist.edu
106342,www.lyon.edu
106397,www.uark.edu
106412,www.uapb.edu
106449,www.asub.edu
106458,www2.astate.edu
106467,www.atu.edu
106485,www.uamont.edu
106625,www.blackrivertech.edu
106704,www.uca.edu
106713,www.cbc.edu
106795,www.cccua.edu/
106810,www.crc.edu/
106883,www.eacc.edu
106980,www.npcc.edu
106999,www.uaccb.edu
107044,www.harding.edu
107071,www.hsu.edu
107080,www.hendrix.edu
107141,www.jbu.edu
107318,www.midsouthcc.edu
107327,www.anc.edu
107460,www.northark.edu
107512,www.obu.edu
107521,www.coto.edu
107549,www.ozarka.edu
107558,www.ozarks.edu
107585,www.uaccm.edu
107600,www.philander.edu
107619,www.pccua.edu
107637,www.seark.edu
107664,www.pulaskitech.edu
107725,www.uacch.edu
107743,www.rmcc.edu
107877,www.wbcoll.edu
107974,www.southark.edu
107983,www.saumag.edu
107992,www.sautech.edu
108092,uafs.edu/
108232,www.academyart.edu
108250,www.itt-tech.edu
108667,www.peralta.edu
108807,www.hancockcollege.edu/
108852,www.aada.edu
109040,americancareercollege.edu/
109208,www.arc.losrios.edu/
109350,www.avc.edu
109651,www.artcenter.edu
109785,www.apu.edu
109819,www.bakersfieldcollege.edu/
109907,www.barstow.edu
110060,www.buc.edu
110097,www.biola.edu
110185,www.brooks.edu
110219,www.bryancollege.edu
110246,www.butte.edu
110334,www.cabrillo.edu
110361,www.calbaptist.edu
110370,www.cca.edu
110404,www.caltech.edu
110413,www.callutheran.edu/
110422,calpoly.edu
110468,www.alliant.edu
110486,www.csub.edu
110495,www.csustan.edu
110510,www.csusb.edu
110529,www.csupomona.edu
110538,www.csuchico.edu
110547,www.csudh.edu
110556,www.csufresno.edu
110565,www.fullerton.edu
110574,www.csueastbay.edu
110583,www.csulb.edu
110592,www.calstatela.edu
110608,www.csun.edu
110617,www.csus.edu
110635,www.berkeley.edu
110644,www.ucdavis.edu
110653,www.uci.edu/
110662,www.ucla.edu/
110671,www.ucr.edu
110680,www.ucsd.edu
110705,www.ucsb.edu
110714,www.ucsc.edu/
110945,www.cc-sd.edu
111009,www.caculinary.edu
111081,www.calarts.edu
111188,www.csum.edu
111434,canadacollege.edu
111461,www.canyons.edu
111638,www.casalomacollege.edu
111887,www.cerritos.edu
111896,cerrocoso.edu
111920,www.chabotcollege.edu
111939,www.chaffey.edu
111948,www.chapman.edu
111966,www.cdrewu.edu
112075,www.cui.edu
112084,www.sdcc.edu
112172,www.citruscollege.edu
112190,www.ccsf.edu
112260,www.claremontmckenna.edu/
112385,www.coastline.edu
112394,www.cogswell.edu
112446,www.coleman.edu
112561,www.gocolumbia.edu/
112570,www.columbiacollege.edu
112686,www.compton.edu
112826,www.contracosta.edu
113096,www.crc.losrios.edu/
113111,www.craftonhills.edu
113193,www.cuesta.edu
113218,www.cuyamaca.edu
113236,www.cypresscollege.edu
113333,www.deanza.edu/
113573,collegeofthedesert.edu
113582,www.disd.edu
113634,www.dvc.edu
113698,www.dominican.edu
113856,www.elac.edu/index.htm
113980,www.elcamino.edu
114123,www.empcol.edu
114266,www.evc.edu
114354,www.fidm.edu
114390,www.fidm.edu
114415,fidm.edu
114433,www.frc.edu
114716,www.foothill.edu
114789,www.fresnocitycollege.edu
114813,www.fresno.edu
114859,www.fullcoll.edu
114938,www.gavilan.edu
115001,www.glendale.edu
115126,www.goldenwestcollege.edu
115296,www.grossmont.edu/
115393,www.hartnell.edu
115409,www.hmc.edu
115454,www.heald.edu
115472,www.heald.edu
115490,www.heald.edu
115515,www.heald.edu
115533,www.heald.edu
115728,www.hnu.edu
115755,www.humboldt.edu
115773,www.humphreys.edu
115861,www.imperial.edu
116439,www.ivc.edu
116466,www.itt-tech.edu
116475,www.itt-tech.edu
116484,www.itt-tech.edu
116846,www.aju.edu
117052,www.reedleycollege.edu
117104,www.lifepacific.edu
117113,www.artinstitutes.edu/san-diego/
117140,www.laverne.edu/
117168,www.lcad.edu
117195,www.ltcc.edu
117247,www.laney.edu/wp/
117274,www.lassencollege.edu/
117557,www.lincolnuca.edu
117627,www.lasierra.edu
117645,www.lbcc.edu
117690,www.lahc.edu
117706,www.piercecollege.edu
117715,www.lasc.edu
117724,www.lattc.edu
117733,www.lavc.edu
117751,www.masters.edu
117788,www.lacitycollege.edu/
117867,www.lamission.edu
117894,www.losmedanos.edu
117928,www.artinstitutes.edu/san-francisco/
117946,www.lmu.edu
118198,sacramento.mticollege.edu
118259,www.kaplancollege.com/sacramento-ca/
118277,www.kaplancollege.com/san-diego-ca/
118286,www.kaplancollege.com/vista-ca/
118347,www.marin.edu
118541,www.marymountcalifornia.edu
118684,www.mendocino.edu
118693,www.menlo.edu
118718,www.mccd.edu
118772,www.merritt.edu
118888,www.mills.edu
118912,www.miracosta.edu
118930,www.missioncollege.edu/
118976,mjc.edu
119067,www.mpc.edu
119137,www.moorparkcollege.edu/index.shtml
119164,www.mtsac.edu
119173,www.msmc.la.edu
119216,www.msjc.edu
119270,www.mi.edu
119331,www.napavalley.edu
119359,www.everest.edu/campus/reseda
119508,everest.edu/campus/san_bernardino
119544,www.nhu.edu
119605,www.nu.edu
119775,www.newschoolarch.edu
120184,www.ndnu.edu
120254,www.oxy.edu
120290,www.ohlone.edu
120342,www.orangecoastcollege.edu/
120403,www.otis.edu
120421,www.oxnardcollege.edu
120537,www.hiu.edu
120661,www.concorde.edu
120865,www.puc.edu
120883,www.pacific.edu
120953,www.paloverde.edu
120971,www.palomar.edu
121044,www.pasadena.edu
121150,www.pepperdine.edu/
121257,www.pitzer.edu
121275,www.platt.edu
121309,www.pointloma.edu
121345,www.pomona.edu
121363,www.portervillecollege.edu
121381,www.westwood.edu
121619,www.sac.edu
121691,www.redlands.edu
121707,www.redwoods.edu
121886,www.riohondo.edu
121901,www.rcc.edu/riverside/
122180,www.scc.losrios.edu/
122205,www.saddleback.edu
122339,www.sdcity.edu/
122366,www.golfacademy.edu
122375,www.sdmesa.edu/
122384,www.sdmiramar.edu/
122409,www.sdsu.edu
122436,www.sandiego.edu
122454,www.sfai.edu
122506,www.sfcm.edu
122597,www.sfsu.edu
122612,www.usfca.edu/
122658,www.deltacollege.edu
122685,www.sjvc.edu
122694,www.sjvc.edu/
122728,www.jessup.edu
122746,www.sjcc.edu
122755,www.sjsu.edu
122791,www.collegeofsanmateo.edu
122834,sbbcollege.edu
122843,www.westwood.edu
122852,sbbcollege.edu
122889,www.sbcc.edu
122931,www.scu.edu
122977,www.smc.edu
123013,www.santarosa.edu
123165,www.scrippscollege.edu
123208,www.wyotech.edu/campus/fremont
123217,www.cos.edu
123299,www.shastacollege.edu
123341,www.sierracollege.edu
123457,www.simpsonu.edu
123484,www.siskiyous.edu
123509,skylinecollege.edu
123527,www.valleycollege.edu
123554,www.stmarys-ca.edu
123563,www.solano.edu
123572,www.sonoma.edu
123642,southcoastcollege.com
123651,www.vanguard.edu
123679,www.concorde.edu
123800,www.swccd.edu/
123952,www.sciarc.edu
123961,www.usc.edu/
124113,www.taftcollege.edu
124292,www.thomasaquinas.edu
124487,epic.edu
124681,www.uei.edu/
124706,www.concorde.edu
124937,www.concorde.edu
125028,www.venturacollege.edu/
125091,www.vvc.edu
125170,www.berkeleycitycollege.edu/wp/
125231,www.waldenu.edu
125462,www.westhillscollege.com
125471,www.wlac.edu
125499,www.westvalley.edu
125532,www.carrington.edu
125727,www.westmont.edu
125763,www.whittier.edu
125897,woodbury.edu/
126076,www.yoec.edu/
126119,yc.yccd.edu
126182,www.adams.edu
126207,www.aims.edu
126289,www.arapahoe.edu
126359,www.bel-rea.com
126401,www.everest.edu/campus/colorado_springs
126562,www.ucdenver.edu/
126580,www.uccs.edu
126605,www.redstone.edu
126614,www.colorado.edu
126669,www.ccu.edu
126678,www.coloradocollege.edu
126687,www.concorde.edu
126702,www.artinstitutes.edu/denver/
126711,www.coloradomtn.edu
126748,www.cncc.edu
126775,www.mines.edu
126784,schooloftrades.edu
126818,www.colostate.edu
126827,www.coloradotech.edu/colorado-springs
126863,www.ccaurora.edu
126872,www.collegeamerica.edu
126924,www.princeinstitute.edu
126942,www.ccd.edu
126951,www.lincolnedu.com
127024,www.westwood.edu
127060,www.du.edu
127185,fortlewis.edu/
127200,www.frontrange.edu
127389,www.lamarcc.edu
127556,www.coloradomesa.edu
127565,www.msudenver.edu/
127617,www.morgancc.edu
127653,www.naropa.edu
127680,www.national.edu/locations/colorado/colorado-springs
127699,www.national.edu/locations/colorado/denver
127714,www.nbc.edu
127732,www.njc.edu
127741,www.unco.edu
127778,www.ojc.edu
127787,www.everest.edu/campus/thornton
127820,www.ppcc.edu
127839,www.intellitecmedical.edu/
127884,www.pueblocc.edu
127909,www.rrcc.edu
127918,www.regis.edu/
127945,www.rmcad.edu
128106,www.colostate-pueblo.edu
128179,www.intelliteccollege.edu
128188,www.intellitec.edu
128258,www.trinidadstate.edu/
128391,www.western.edu
128498,www.albertus.edu
128577,www.asnuntuck.edu
128683,www.lincolncollegene.edu
128744,www.bridgeport.edu
128771,www.ccsu.edu
128902,www.connecticutcollege.edu
129020,uconn.edu/
129154,www.goodwin.edu
129215,www.easternct.edu/
129242,fairfield.edu/
129367,www.ccc.commnet.edu
129525,www.hartford.edu
129543,www.hcc.commnet.edu
129695,www.mcc.commnet.edu/
129729,www.nv.edu
129756,www.mxcc.commnet.edu
129774,www.mitchell.edu
129808,www.trcc.commnet.edu
129941,www.newhaven.edu
130004,www.ncc.commnet.edu
130040,www.nwcc.commnet.edu
130110,www.paiercollegeofart.edu
130183,www.post.edu/
130217,www.qvcc.edu
130226,www.quinnipiac.edu
130253,www.sacredheart.edu
130314,www.usj.edu
130396,www.gwcc.commnet.edu/
130448,www.stvincentscollege.edu
130493,www.southernct.edu
130590,www.trincoll.edu
130606,www.tunxis.edu
130697,www.wesleyan.edu
130776,www.wcsu.edu
130794,www.yale.edu
130891,https://www.dtcc.edu/our-campuses/georgetown
130907,https://www.dtcc.edu/our-campuses/dover
130916,https://www.dtcc.edu/our-campuses/wilmington
130934,www.desu.edu
130943,www.udel.edu/
130989,www.gbc.edu
131098,www.wesley.edu
131113,www.wilmu.edu
131159,www.american.edu
131283,www.cua.edu
131308,www.corcoran.edu
131399,www.udc.edu
131450,www.gallaudet.edu
131469,www.gwu.edu
131496,www.georgetown.edu
131520,www.howard.edu
131742,medtech.edu
131803,www.strayer.edu/district-columbia/washington
131876,www.trinitydc.edu
132338,www.aifl.edu
132408,www.baptistcollege.edu
132471,www.barry.edu
132602,www.cookman.edu
132657,www.lynn.edu
132693,www.easternflorida.edu
132709,www.broward.edu
132806,www.fortis.edu
132842,www.mia.albizu.edu
132851,www.cf.edu
132879,www.fcc.edu
132903,www.ucf.edu/
133021,www.chipola.edu
133085,www.clearwater.edu
133386,www.daytonastate.edu
133465,www.southuniversity.edu
133492,www.eckerd.edu
133508,www.edison.edu
133526,www.ewc.edu
133553,www.erau.edu
133650,www.famu.edu
133669,www.fau.edu/
133702,www.fscj.edu
133711,www.flagler.edu
133809,www.floridacollege.edu
133845,www.concorde.edu
133854,www.concorde.edu
133863,www.concorde.edu
133872,www.adu.edu
133881,www.fit.edu
133951,www.fiu.edu
133960,www.fkcc.edu
133979,www.fmuniv.edu
133997,www.careercollege.edu
134079,www.flsouthern.edu
134097,www.fsu.edu
134112,www.ftccollege.edu
134121,www.usmf.edu
134130,www.ufl.edu/
134149,www.everest.edu/campus/pompano_beach
134237,www.fullsail.edu
134343,www.gulfcoast.edu/default.htm
134495,www.hccfl.edu
134510,www.hsbc.edu
134608,www.irsc.edu
134680,www.iadt.edu/tampa
134811,www.artinstitutes.edu/miami/
134909,www.itt-tech.edu
134945,www.jacksonville.edu
135063,www.jones.edu
135081,www.keiseruniversity.edu
135124,heritage-education.com
135160,https://www.fgc.edu/
135188,www.lssc.edu
135364,www.lru.edu
135391,www.scf.edu
135717,www.mdc.edu/main/
135726,www.miami.edu/
135939,www.remingtoncollege.edu/tampa-technical-school-overview
135957,www.everest.edu/campus/miami
136066,www.lincolntech.com
136145,www.nfcc.edu
136172,www.unf.edu
136206,www.northwood.edu
136215,www.nova.edu
136233,www.nwfsc.edu/
136288,www.everest.edu/campus/north_orlando
136330,www.pba.edu
136358,www.palmbeachstate.edu/
136400,www.phcc.edu
136473,www.pensacolastate.edu
136516,www.polk.edu
136774,www.ringling.edu
136950,www.rollins.edu
137032,www.saintleo.edu
137078,www.spcollege.edu
137096,www.sfcollege.edu
137148,www.argosy.edu/sarasota/
137209,www.seminolestate.edu/
137281,www.sjrstate.edu
137315,www.southflorida.edu
137351,www.usf.edu
137476,www.stu.edu
137546,www.stetson.edu
137564,www.seu.edu/
137759,https://www.tcc.fl.edu
137801,www.everest.edu/campus/tampa
137810,www.everest.edu/campus/largo
137847,www.ut.edu
137953,www.tbc.edu
137962,trinitycollege.edu
138187,valenciacollege.edu
138275,www.warner.edu
138293,www.webber.edu
138309,rasmussen.edu
138354,uwf.edu
138558,www.abac.edu
138600,www.agnesscott.edu
138655,www.ict.edu
138682,www.albanytech.edu
138691,www.darton.edu
138716,www.asurams.edu/
138761,www.andrewcollege.edu
138789,www.armstrong.edu
138813,www.artinstitutes.edu/atlanta
138840,www.atlantatech.edu/
138868,www.point.edu
138901,www.atlm.edu
138947,www.cau.edu
138956,www.augustatech.edu
139010,www.bainbridge.edu
139074,www.bauder.edu/
139144,www.berry.edu
139153,www.beulah.edu
139199,www.brenau.edu
139205,www.bpc.edu
139214,www.bccr.edu
139250,www.ccga.edu
139278,www.westgatech.edu
139287,www.carver.edu
139311,www.clayton.edu
139357,www.columbustech.edu/
139366,www.columbusstate.edu
139384,www.gntc.edu
139393,www.covenant.edu
139463,www.daltonstate.edu/
139579,www.southuniversity.edu
139621,www.ega.edu
139630,www.ec.edu
139658,www.emory.edu
139700,www.highlands.edu
139719,www.fvsu.edu
139755,www.gatech.edu
139764,gsw.edu/main/
139861,www.gcsu.edu
139904,www.gmc.cc.ga.us/
139931,www.georgiasouthern.edu
139940,www.gsu.edu
139959,www.uga.edu
139968,www.gordonstate.edu/
139986,www.sctech.edu
139995,www.gupton-jones.edu
140003,www.gwinnettcollege.edu
140012,www.gwinnetttech.edu
140164,www.kennesaw.edu
140234,www.lagrange.edu
140243,www.laniertech.edu
140252,www.life.edu
140331,www.chattahoocheetech.edu
140340,www.herzing.edu
140447,www.mercer.edu
140553,www.morehouse.edu
140599,www.moultrietech.edu
140678,www.northgatech.edu
140696,www.oglethorpe.edu
140720,www.paine.edu
140818,www.piedmont.edu
140872,www.reinhardt.edu
140942,www.savannahtech.edu
140951,www.scad.edu
140960,www.savannahstate.edu/
140988,www.shorter.edu
141006,www.southgatech.edu
141060,www.spelman.edu
141097,www.spsu.edu/
141158,www.southwestgatech.edu/
141167,www.thomasu.edu
141185,www.tfc.edu
141237,www.truett.edu
141255,www.wiregrass.edu
141264,www.valdosta.edu
141325,www.wesleyancollege.edu
141334,www.westga.edu
141361,www.yhc.edu
141468,www.heald.edu/locations/honolulu
141486,www.chaminade.edu
141565,hilo.hawaii.edu
141574,manoa.hawaii.edu
141644,www.hpu.edu
141680,www2.honolulu.hawaii.edu
141796,kapiolani.hawaii.edu/page/home
141802,kauai.hawaii.edu
141811,www.leeward.hawaii.edu
141839,maui.hawaii.edu
141981,westoahu.hawaii.edu
141990,windward.hawaii.edu
142054,www.carrington.edu
142090,www.boisebible.edu
142115,www.boisestate.edu
142179,www.eitc.edu
142276,www.isu.edu/
142285,www.uidaho.edu
142294,www.collegeofidaho.edu
142328,www.lcsc.edu
142337,www.itt-tech.edu
142443,www.nic.edu/
142461,www.nnu.edu
142522,www.byui.edu
142559,www.csi.edu
142887,www.aaart.edu
143048,www.saic.edu
143084,www.augustana.edu
143118,www.aurora.edu
143215,www.swic.edu
143279,www.bhc.edu
143288,www.blackburn.edu
143358,www.bradley.edu
143613,www.sandburg.edu
144005,www.csu.edu
144050,www.uchicago.edu
144157,www.ccc.edu/colleges/kennedy/pages/default.aspx
144166,www.ccc.edu/colleges/malcolm-x/pages/default.aspx
144175,ccc.edu/colleges/olive-harvey/pages/default.aspx
144184,ccc.edu/colleges/truman/pages/default.aspx
144193,ccc.edu/colleges/daley/pages/default.aspx
144209,www.ccc.edu/colleges/washington/pages/default.aspx
144218,ccc.edu/colleges/wright/pages/default.aspx
144281,www.colum.edu
144351,www.cuchicago.edu
144467,www.chefs.edu/chicago
144485,www.coynecollege.edu
144564,www.dacc.edu
144740,www.depaul.edu
144865,www.cod.edu
144883,www.eastwest.edu
144892,www.eiu.edu
144944,www.elgin.edu
144962,public.elmhurst.edu
144971,www.eureka.edu
145239,www.foxcollege.edu
145372,www.greenville.edu
145460,www.harrington.edu
145497,www.htc.edu/
145521,www.highland.edu
145600,www.uic.edu/index.html/
145619,www.ben.edu
145637,www.illinois.edu/
145646,www.iwu.edu
145682,www.icc.edu
145691,www.ic.edu
145707,www.iecc.edu/occ
145725,www.iit.edu
145770,www.argosy.edu/chicago
145813,illinoisstate.edu/
145831,www.ivcc.edu
146010,www.iadtchicago.edu
146205,www.jalc.edu
146278,www.jwcc.edu
146296,www.jjc.edu
146339,www.judsonu.edu
146348,www.kcc.edu
146366,www.kaskaskia.edu
146393,www.kendall.edu
146418,www.kishwaukeecollege.edu
146427,www.knox.edu
146472,www.clcillinois.edu
146481,www.lakeforest.edu
146506,www.lakeland.cc.il.us
146603,www.lc.edu
146612,www.lewisu.edu
146667,www.lincolnchristian.edu
146676,lincolncollege.edu
146685,www.llcc.edu
146700,www.lincolnedu.com
146719,www.luc.edu
146755,www.trinitycollegeqc.edu
146816,www.maccormac.edu
146825,www.mac.edu
147004,www.mchenry.edu
147013,www.mckendree.edu/prospective/admissions/index.aspx
147129,www.methodistcol.edu
147165,www.midstate.edu
147244,www.millikin.edu
147341,www.monmouthcollege.edu
147369,www.moody.edu
147378,www.morainevalley.edu
147396,www.morrisontech.edu
147411,www.morton.edu
147536,www.nl.edu
147660,northcentralcollege.edu
147679,www.northpark.edu
147703,www.niu.edu
147749,www.northwesterncollege.edu
147767,www.northwestern.edu
147776,www.neiu.edu/
147800,www.oakton.edu
147828,www.olivet.edu
147916,www.parkland.edu
148007,www.prairiestate.edu
148131,www.quincy.edu
148140,www.vatterott.edu
148177,www.aii.edu
148256,www.rlc.edu
148292,www.richland.edu
148335,www.robertmorris.edu/
148380,www.rockvalleycollege.edu
148399,www.rockfordcareercollege.edu
148405,www.rockford.edu
148487,www.roosevelt.edu
148496,public.dom.edu/
148584,www.stfrancis.edu
148627,www.sxu.edu
148654,www.uis.edu
148672,www.svcc.edu
148821,www.shawneecc.edu
148849,www.shimer.edu
148876,www.staugustine.edu
148937,www.sic.edu
148991,www.src.edu
149222,www.siu.edu
149231,www.siue.edu
149310,www.tbiil.edu
149365,www.ssc.edu/
149505,www.trnty.edu
149514,www.tiu.edu
149532,www.triton.edu
149639,www.vandercook.edu
149727,www.waubonsee.edu
149772,www.wiu.edu
149781,www.wheaton.edu
149842,www.harpercollege.edu
150048,www.ancilla.edu
150066,www.anderson.edu
150136,www.bsu.edu
150145,www.bethelcollege.edu
150163,www.butler.edu
150172,www.ccsj.edu
150251,www.ccr.edu
150400,www.depauw.edu
150455,www.earlham.edu
150534,www.evansville.edu/
150604,www.franklincollege.edu
150668,www.goshen.edu
150677,www.grace.edu
150756,www.hanover.edu
150774,www.hcc-nd.edu
150941,www.huntington.edu
150987,www.ivytech.edu
151102,www.ipfw.edu
151111,www.iupui.edu
151166,harrison.edu
151263,uindy.edu
151290,www.indianatech.edu
151306,www.usi.edu
151324,www.indstate.edu
151333,www.iuk.edu
151342,iusb.edu/
151351,www.iub.edu
151360,www.iun.edu
151379,ius.edu/
151388,www.iue.edu/
151458,www.ibcfortwayne.edu
151467,www.ibcindianapolis.edu
151494,www.itt-tech.edu
151500,www.itt-tech.edu
151519,www.itt-tech.edu
151616,www.brownmackie.edu
151625,www.brownmackie.edu
151661,www.lincolntech.com
151777,www.manchester.edu
151786,www.marian.edu
151801,www.indwes.edu
151810,www.martin.edu
151944,www.brownmackie.edu
152080,www.nd.edu
152099,www.oak.edu
152248,www.purduecal.edu/
152266,www.pnc.edu
152318,www.rose-hulman.edu
152336,www.sf.edu
152363,www.saintjoe.edu
152381,www.smwc.edu
152390,https://www.saintmarys.edu
152415,www.kaplancollege.com/hammond-in/
152530,www.taylor.edu
152567,www.trine.edu
152600,valpo.edu
152637,vinu.edu/
152673,www.wabash.edu
152798,www.allencollege.edu
152822,www.aib.edu
152992,www.briarcliff.edu
153001,www.bvu.edu
153108,www.central.edu
153126,www.clarke.edu
153144,www.coe.edu
153162,www.cornellcollege.edu
153214,www.dmacc.edu
153241,www.dwci.edu
153250,www.dordt.edu
153269,www.drake.edu
153278,www.dbq.edu
153296,www.iavalley.edu/ecc/index.html
153302,www.emmaus.edu
153311,www.eicc.edu
153320,www.faith.edu
153366,www.graceland.edu
153375,www.grandview.edu
153384,www.grinnell.edu
153409,masoncity.kaplanuniversity.edu/pages/homepage.aspx
153418,www.kaplanuniversity.edu/cedar-rapids-iowa.aspx
153427,www.hamiltontechcollege.com
153445,www.hawkeyecollege.edu
153472,www.indianhills.edu
153524,www.iowacentral.edu
153533,www.iowalakes.edu
153603,www.iastate.edu
153621,www.iwc.edu
153630,www.iwcc.edu/
153658,www.uiowa.edu
153737,www.kirkwood.edu
153825,www.loras.edu
153834,www.luther.edu
153861,www.mum.edu
153922,www.iavalley.edu/mcc/index.html
153977,www.mchs.edu
154004,www.morningside.edu
154013,www.mtmercy.edu
154022,www.ashford.edu
154059,www.niacc.edu
154095,www.uni.edu
154101,www.nwciowa.edu/
154110,www.nicc.edu
154129,www.nwicc.edu
154235,www.sau.edu
154262,www.stlukescollege.edu
154350,www.simpson.edu
154378,www.scciowa.edu
154396,www.swcciowa.edu
154493,www.uiu.edu
154518,www.waldorf.edu
154527,www.wartburg.edu
154572,www.witcc.edu
154590,www.wmpenn.edu
154642,www.allencc.edu
154688,www.bakeru.edu
154697,www.bartonccc.edu
154712,www.benedictine.edu
154721,www.bethanylb.edu
154749,www.bethelks.edu
154767,www.brownmackie.edu
154776,www.brownmackie.edu
154794,www.bryanu.edu
154800,www.butlercc.edu/
154855,www.centralchristian.edu
154907,www.cloud.edu
154925,www.coffeyville.edu
154934,www.colbycc.edu
154952,www.cowley.edu
154998,www.dc3.edu
155007,donnelly.edu
155025,www.emporia.edu
155052,www.fhtc.edu
155061,www.fhsu.edu
155070,www.barclaycollege.edu
155089,www.friends.edu
155098,www.fortscott.edu
155104,www.gcccks.edu
155140,www.haskell.edu
155177,www.hesston.edu
155186,www.highlandcc.edu
155195,www.hutchcc.edu
155201,www.indycc.edu
155210,www.jccc.edu
155283,www.concorde.edu
155292,www.kckcc.edu
155317,www.ku.edu
155335,www.newmanu.edu
155399,www.k-state.edu
155414,www.kwu.edu
155450,www.labette.edu
155487,www.manhattantech.edu
155496,www.mccks.edu
155511,www.mcpherson.edu
155520,www.mnu.edu
155566,www.neosho.edu
155593,www.ncktc.edu
155618,www.nwktc.edu
155627,www.ottawa.edu
155681,www.pittstate.edu
155715,www.prattcc.edu
155812,www.stmary.edu
155830,www.salinatech.edu
155858,www.sccc.edu
155900,www.sckans.edu
155937,www.sterling.edu
155973,www.tabor.edu
156082,www.washburn.edu
156107,www.watc.edu
156125,www.wichita.edu
156189,www.alc.edu
156213,www.asbury.edu
156231,www.ashland.kctcs.edu/
156286,www.bellarmine.edu
156295,www.berea.edu
156338,www.bowlinggreen.kctcs.edu
156356,www.brescia.edu
156365,www.campbellsville.edu
156392,www.bluegrass.kctcs.edu/
156408,www.centre.edu
156417,www.ccbbc.edu/
156471,www.galencollege.edu/louisville
156541,www.ucumberlands.edu
156620,www.eku.edu
156648,www.elizabethtown.kctcs.edu
156745,www.georgetowncollege.edu
156790,www.hazard.kctcs.edu
156851,www.hencc.kctcs.edu
156860,hopkinsville.kctcs.edu/
156903,www.daymarcollege.edu/college/paducah
156921,www.jefferson.kctcs.edu
157021,www.national-college.edu
157058,www.kysu.edu
157076,www.kwc.edu
157085,www.uky.edu
157100,www.kcu.edu
157216,www.lindsey.edu
157270,www.sctd.edu
157289,www.louisville.edu
157304,www.madisonville.kctcs.edu/
157331,maysville.kctcs.edu
157359,www.midcontinent.edu
157377,www.midway.edu
157386,www.moreheadstate.edu
157401,www.murraystate.edu
157438,www.gateway.kctcs.edu
157447,www.nku.edu
157465,www.daymarcollege.edu
157483,www.westkentucky.kctcs.edu
157535,www.upike.edu
157553,www.bigsandy.kctcs.edu
157599,www.brownmackie.edu
157632,www.sccky.edu
157696,www.brownmackie.edu
157711,www.somerset.kctcs.edu/
157739,www.southeast.kctcs.edu
157757,www.spalding.edu
157766,www.spencerian.edu
157793,www.sullivan.edu
157809,www.thomasmore.edu
157818,www.transy.edu
157863,www.unionky.edu
157951,www.wku.edu
158088,www.cltc.edu
158352,www.catc.edu
158431,www.bpcc.edu
158440,www.cameroncollege.com
158477,www.centenary.edu
158662,www.dcc.edu
158723,www.deltatech.edu
158802,www.dillard.edu
158884,www.nunez.edu
159009,www.gram.edu
159197,www.iticollege.edu
159382,www.lsua.edu
159391,www.lsu.edu
159407,www.lsue.edu
159416,www.lsus.edu/
159443,www.solacc.edu/
159568,www.lacollege.edu
159647,www.latech.edu
159656,www.loyno.edu
159717,www.mcneese.edu
159939,www.uno.edu
159966,www.nicholls.edu
159993,www.ulm.edu
160010,www.nwltc.edu
160038,www.nsula.edu/
160065,www.olhcc.edu
160074,www.ololcollege.edu
160409,saintjosephabbey.com/
160481,www.fletcher.edu/
160524,www.remingtoncollege.edu/louisiana-career-school-overview
160579,www.sowela.edu
160612,www.selu.edu
160621,www.subr.edu
160630,www.suno.edu
160649,www.susla.edu
160658,www.louisiana.edu
160667,northshorecollege.edu/
160755,tulane.edu
160904,www.xula.edu
160913,www.scl.edu
160940,www.kaplanuniversity.edu/locations.aspx
160959,www.coa.edu
160977,www.bates.edu/
160995,www.bealcollege.edu/
161004,www.bowdoin.edu/
161022,www.cmmccollege.edu
161077,www.cmcc.edu
161086,www.colby.edu
161138,www.emcc.edu
161165,www.husson.edu
161192,www.kvcc.me.edu
161217,www.uma.edu/
161226,www.umf.maine.edu
161235,www.umfk.maine.edu
161244,machias.edu
161253,www.umaine.edu/
161299,www.mainemaritime.edu
161341,www.umpi.edu/
161457,www.une.edu/
161484,www.nmcc.edu
161509,www.meca.edu
161518,www.sjcme.edu
161545,www.smccme.edu
161554,www.usm.maine.edu
161563,www.thomas.edu
161572,www.unity.edu
161581,www.wccc.me.edu
161688,www.allegany.edu
161767,www.aacc.edu
161776,www.tesst.com/towson-md/
161864,www.bccc.edu
161873,www.ubalt.edu
162007,www.bowiestate.edu
162061,www.capitol-college.edu
162104,www.cecil.edu
162122,www.csmd.edu/
162168,www.chesapeake.edu
162210,www.wau.edu
162283,www.coppin.edu
162557,www.frederick.edu
162584,www.frostburg.edu
162609,www.garrettcollege.edu
162654,www.goucher.edu
162681,www.kaplanuniversity.edu/hagerstown-maryland.aspx
162690,www.hagerstowncc.edu/admissions/apply-online
162706,www.harford.edu
162760,www.hood.edu
162779,www.howardcc.edu
162928,www.jhu.edu
163028,www.lincolntech.com
163046,www.loyola.edu
163204,www.umuc.edu
163268,www.umbc.edu
163286,www.umd.edu
163295,www.mica.edu
163338,www.umes.edu
163426,www.montgomerycollege.edu
163453,www.morgan.edu
163462,www.msmary.edu
163532,
163578,www.ndm.edu
163657,www.pgcc.edu
163736,www.tesst.com/baltimore-md/
163851,www.salisbury.edu
163912,www.smcm.edu
163921,www.sdc.edu
163976,www.sjc.edu
164058,www.tesst.com/beltsville-md/
164076,www.towson.edu
164173,www.stevenson.edu
164216,www.washcoll.edu
164270,www.mcdaniel.edu
164313,www.worwic.edu
164447,www.aic.edu
164465,www.amherst.edu
164492,www.annamaria.edu
164562,www.assumption.edu
164580,www.babson.edu
164614,boston.edu
164632,www.baypath.edu
164641,www.baystate.edu
164720,www.becker.edu
164739,www.bentley.edu
164748,www.berklee.edu
164775,www.berkshirecc.edu
164872,www.the-bac.edu
164924,www.bc.edu
164933,www.bostonconservatory.edu
164988,www.bu.edu
165015,www.brandeis.edu/
165024,www.bridgew.edu
165033,bristolcc.edu/
165112,www.bhcc.mass.edu
165167,www.cambridgecollege.edu
165194,www.capecod.edu
165264,www.laboure.edu/laboure/about-us
165334,www.clarku.edu
165529,www.curry.edu
165574,www.dean.edu
165644,www.enc.edu
165662,www.emerson.edu
165671,www.emmanuel.edu
165699,www.endicott.edu
165802,www.fisher.edu
165820,www.fitchburgstate.edu
165866,www.framingham.edu/index.html
165884,www.bfit.edu/
165936,www.gordon.edu
165981,www.gcc.mass.edu
166018,www.hampshire.edu
166027,www.harvard.edu
166124,www.holycross.edu
166133,www.hcc.edu
166391,www.lasell.edu/
166407,www.lmregisnurse.org
166452,www.lesley.edu
166513,www.uml.edu
166601,www.mariancourt.edu
166629,www.umass.edu
166638,www.umb.edu
166647,www.massbay.edu
166656,www.mcphs.edu
166674,www.massart.edu
166683,web.mit.edu/student/
166692,www.maritime.edu
166823,www.massasoit.mass.edu
166850,www.merrimack.edu
166887,www.middlesex.mass.edu
166911,www.montserrat.edu/
166939,www.mtholyoke.edu
166948,www.mountida.edu
166957,mwcc.edu
166984,www.smfa.edu
167057,necmusic.edu
167251,www.newbury.edu
167260,www.nichols.edu
167288,www.mcla.edu
167312,www.northshore.edu
167321,www.artinstitutes.edu/boston
167358,www.northeastern.edu
167376,www.necc.mass.edu/
167394,www.elms.edu
167455,www.pmc.edu
167525,www.quincycollege.edu
167534,www.qcc.edu
167598,www.regiscollege.edu
167631,www.rcc.mass.edu
167729,www.salemstate.edu
167738,www.salter.edu
167783,www.simmons.edu
167792,www.simons-rock.edu/
167835,www.smith.edu
167899,www.spfldcol.edu
167905,www.stcc.edu
167987,www.umassd.edu
167996,www.stonehill.edu
168005,www.suffolk.edu
168148,www.tufts.edu
168218,www.wellesley.edu
168227,www.wit.edu
168254,www.wne.edu
168263,www.westfield.ma.edu
168281,www.wheatoncollege.edu
168290,www.wheelock.edu
168342,www.williams.edu
168421,www.wpi.edu
168430,www.worcester.edu
168528,www.adrian.edu
168546,www.albion.edu
168591,www.alma.edu
168607,www.alpenacc.edu
168740,www.andrews.edu
168786,www.aquinas.edu
168838,www.baker.edu
168847,www.baker.edu
168883,www.baycollege.edu/
169080,www.calvin.edu
169248,www.cmich.edu
169275,www.mcc.edu
169327,www.cleary.edu
169363,www.cuaa.edu
169442,www.collegeforcreativestudies.edu
169479,www.davenport.edu
169521,www.delta.edu
169716,www.udmercy.edu
169798,www.emich.edu
169910,www.ferris.edu/
169974,www.glenoaks.cc.mi.us/pages/default.aspx
169983,www.kettering.edu
169992,www.gogebic.edu
170000,www.gbcol.edu
170037,www.cornerstone.edu
170055,www.grcc.edu
170082,www.gvsu.edu
170091,www.glcc.edu
170240,www.hfcc.edu
170301,www.hope.edu
170417,www.itt-tech.edu
170444,www.jccmi.edu
170532,www.kzoo.edu
170541,www.kvcc.edu
170550,www.kellogg.edu
170587,www.kirtland.edu
170620,www.lakemichigancollege.edu
170639,www.lssu.edu
170657,www.lcc.edu
170675,www.ltu.edu
170790,www.macomb.edu
170806,www.madonna.edu
170842,www.marygrove.edu
170967,www.rc.edu
170976,www.umich.edu
171100,www.msu.edu
171128,www.mtu.edu
171137,www.umd.umich.edu/
171146,www.umflint.edu
171155,www.midmich.edu
171225,www.monroeccc.edu
171234,www.montcalm.edu
171298,www.baker.edu
171304,www.muskegoncc.edu
171395,www.ncmich.edu
171456,www.nmu.edu
171483,www.nmc.edu/
171492,www.northwood.edu
171535,www.oaklandcc.edu
171571,www.oakland.edu
171599,www.olivetcollege.edu
171881,www.kuyper.edu
172033,www.shms.edu
172051,www.svsu.edu
172200,www.schoolcraft.edu
172264,www.sienaheights.edu
172291,www.sc4.edu
172307,www.swmich.edu
172334,www.arbor.edu
172440,www.finlandia.edu
172617,www.wccnet.edu
172635,www.wcccd.edu
172644,www.wayne.edu
172671,www.westshore.edu
172699,www.wmich.edu
172866,www.academycollege.edu
172918,www.alextech.edu
172954,www.anokatech.edu
172963,www.anokaramsey.edu
173045,www.augsburg.edu
173063,www.riverland.edu
173115,www.ntcmn.edu
173124,www.bemidjistate.edu
173142,www.blc.edu
173160,www.bethel.edu
173203,www.clcmn.edu
173258,www.carleton.edu
173300,www.cord.edu
173328,www.csp.edu
173416,www.dctc.edu/
173452,www.mlc-wels.edu
173461,www.lsc.edu
173489,www.dbumn.edu
173559,www.minnesota.edu
173629,www.globeuniversity.edu
173638,www.mnwest.edu
173647,www.gustavus.edu
173665,www.hamline.edu
173708,www.hennepintech.edu
173735,www.hibbing.edu
173799,www.inverhills.edu
173805,www.itascacc.edu/
173887,www.aim.artinstitutes.edu
173902,www.macalester.edu
173911,www.southcentral.edu
173920,www.mnsu.edu
173984,www.argosy.edu/twincities/
173993,www.mesabirange.edu
174020,www.metrostate.edu
174066,www1.umn.edu/twincities/index.php
174075,www.umcrookston.edu/
174118,minneapolisbusinesscollege.edu
174127,www.mcad.edu
174136,www.minneapolis.edu
174154,www.herzing.edu
174206,www.crossroadscollege.edu
174233,www.d.umn.edu/
174251,www.morris.umn.edu/
174279,www.msbcollege.edu
174358,www.mnstate.edu
174376,www.nhcc.edu
174385,www.national.edu/locations/minnesota/roseville
174394,www.browncollege.edu
174428,www.normandale.edu
174437,www.northcentral.edu
174473,www.northlandcollege.edu
174491,www.unwsp.edu
174507,www.nwhealth.edu/
174525,www.oakhills.edu
174570,www.pinetech.edu
174604,www.rrcc.mnscu.edu
174738,www.rctc.edu/
174747,www.csbsju.edu
174756,www.sctcc.edu
174783,www.stcloudstate.edu
174792,www.csbsju.edu
174817,www.smumn.edu
174844,wp.stolaf.edu
174862,www.crown.edu
174899,www.css.edu
174914,www.stthomas.edu
175005,www.stkate.edu
175014,rasmussen.edu
175041,www.saintpaul.edu
175078,www.smsu.edu
175157,www.vcc.edu
175227,www.dunwoody.edu
175236,www.ridgewater.edu/pages/default.aspx
175263,www.southeastmn.edu
175272,www.winona.edu
175315,www.century.edu
175342,www.alcorn.edu
175421,www.belhaven.edu
175430,www.bmc.edu
175519,www.coahomacc.edu/
175528,www.antonellicollege.edu
175573,www.colin.edu
175616,www.deltastate.edu
175643,www.eccc.edu
175652,www.eastms.edu/
175786,www.hindscc.edu
175810,www.holmescc.edu
175829,www.iccms.edu/default.aspx?tabid=55
175856,www.jsums.edu
175883,www.jcjc.edu
175935,www.meridiancc.edu
175980,www.millsaps.edu
176008,www.msdelta.edu
176017,www.olemiss.edu
176035,www.muw.edu
176044,www.mvsu.edu
176053,www.mc.edu
176071,https://www.mgccc.edu
176080,www.msstate.edu/
176169,www.nemcc.edu
176178,www.northwestms.edu
176239,www.prcc.edu
176318,www.rustcollege.edu
176354,www.smcc.edu
176372,www.usm.edu
176406,www.tougaloo.edu
176479,www.wmcarey.edu
176549,www.anthem.edu
176628,www.avila.edu
176637,www.itt-tech.edu
176664,www.gobbc.edu
176770,www.coxcollege.edu
176789,www.calvary.edu
176910,www.cccb.edu
176947,www.centralmethodist.edu/
176965,www.ucmo.edu
177038,www.cleveland.edu
177065,www.ccis.edu
177083,www.conception.edu
177117,www.cottey.edu
177135,www.crowder.edu
177144,www.culver.edu
177214,www.drury.edu
177250,www.eastcentral.edu
177302,pcitraining.edu
177339,www.evangel.edu
177418,www.fontbonne.edu
177472,www.otc.edu
177542,www.hlg.edu
177551,www.hssu.edu
177579,www.hickeycollege.edu
177676,www.jeffco.edu
177746,www.kcai.edu
177940,www.lincolnu.edu/
177968,www.lindenwood.edu
177977,www.linnstate.edu
177995,www.mcckc.edu
178059,www.maryville.edu
178110,www.metrobusinesscollege.edu
178183,midwestinstitute.com
178208,www.mbts.edu
178217,www.mineralarea.edu
178226,www.westwood.edu
178244,www.mobap.edu
178305,www.missouricollege.edu/
178341,www.mssu.edu
178350,www.motech.edu
178369,www.moval.edu
178387,missouriwestern.edu
178396,missouri.edu/
178402,www.umkc.edu/
178411,www.mst.edu/
178420,www.umsl.edu/
178448,www.macc.edu
178615,www.truman.edu
178624,www.nwmissouri.edu
178679,www.occ.edu
178697,www.cofo.edu
178721,www.park.edu
178767,www.siba.edu
178891,www.ranken.edu
179043,www.rockhurst.edu
179070,www.everest.edu/campus/springfield
179159,www.slu.edu
179256,www.slcconline.edu
179308,www.stlcc.edu
179326,www.sbuniv.edu
179344,www.wp.missouristate.edu
179511,www.slchc.com
179539,www.sfccmo.edu
179548,www.stephens.edu
179557,www.semo.edu
179566,www.missouristate.edu
179645,www.trcc.edu
179715,www.ncmissouri.edu
179867,www.wustl.edu
179894,www.webster.edu
179919,www.wma.edu
179946,www.westminster-mo.edu
179955,www.jewell.edu
179964,www.williamwoods.edu
180054,bfcc.edu
180081,www.mtech.edu/
180106,www.carroll.edu
180151,www.dawson.edu
180160,cdkc.edu
180179,www.msubillings.edu
180197,www.fvcc.edu
180203,www.ancollege.edu
180212,www.fpcc.edu
180249,www.gfcmsu.edu
180258,www.ugf.edu
180276,www.umhelena.edu
180328,www.lbhc.edu/
180373,milescc.edu/
180416,www.mtech.edu
180461,www.montana.edu/
180489,www.umt.edu
180522,www.msun.edu
180595,rocky.edu
180647,www.skc.edu
180692,www.umwestern.edu
180814,bellevue.edu
180832,www.clarksoncollege.edu/
180878,www.bryanhealth.com/collegeofhealthsciences
180902,www.cccneb.edu
180948,www.csc.edu
180984,www.cune.edu
181002,www.creighton.edu
181020,www.doane.edu
181093,www.graceuniversity.edu
181127,www.hastings.edu
181215,www.unk.edu
181242,www.kaplanuniversity.edu/lincoln-nebraska.aspx
181297,www.methodistcollege.edu
181303,www.mccneb.edu
181312,www.mpcc.edu
181330,www.midlandu.edu
181376,nechristian.edu
181394,www.unomaha.edu
181400,www.kaplanuniversity.edu/omaha-nebraska.aspx?wid=1
181419,www.thenicc.edu
181446,www.nebrwesleyan.edu/
181464,www.unl.edu/
181491,www.northeast.edu
181534,www.peru.edu
181604,www.csm.edu
181640,www.southeast.edu
181738,www.ucollege.edu
181756,www.vatterott.edu
181765,ncta.unl.edu
181783,www.wsc.edu
181817,www.wncc.edu
181853,www.york.edu/
181941,www.ccnn.edu
182005,www.csn.edu
182111,www.ailv.artinstitutes.edu
182148,www.everest.edu/campus/henderson
182281,go.unlv.edu/
182290,www.unr.edu/
182306,www.gbcnv.edu
182430,www.morrison.anthem.edu
182458,www.sierranevada.edu
182500,www.tmcc.edu
182564,www.wnc.edu
182634,www.colby-sawyer.edu
182661,www.dwc.edu
182670,www.dartmouth.edu
182795,www.franklinpierce.edu
182865,www.mountwashington.edu/index.aspx
182908,www.lebanoncollege.edu
182980,www.nec.edu/
183026,www.snhu.edu
183044,www.unh.edu
183062,www.keene.edu
183071,manchester.unh.edu
183080,www.plymouth.edu
183099,www.nhti.edu
183105,www.wmcc.edu
183114,www.rivervalley.edu
183123,www.lrcc.edu
183132,www.mccnh.edu
183141,www.nashuacc.edu
183150,www.greatbay.edu
183211,www.rivier.edu
183239,www.anselm.edu
183248,www.sjhacademiccenter.org
183257,www.granite.edu
183655,www.atlantic.edu
183743,www.bergen.edu
183789,www.berkeleycollege.edu
183822,www.bloomfield.edu/
183859,www.brookdalecc.edu
183877,www.bcc.edu
183910,www.caldwell.edu
183938,www.camdencc.edu
183974,www.centenarycollege.edu
184180,www.ccm.edu
184205,www.cccnj.edu
184348,www.drew.edu
184481,www.essex.edu
184603,www.fdu.edu
184612,www.felician.edu
184694,www.fdu.edu
184773,www.georgian.edu
184782,www.rowan.edu
184791,www.gccnj.edu
184959,www.eastwickcollege.edu
184995,www.hccc.edu
185129,www.njcu.edu
185262,www.kean.edu
185509,www.mccc.edu
185536,www.middlesexcc.edu
185572,www.monmouth.edu
185590,www.montclair.edu
185828,www.njit.edu/
185873,www.ocean.edu/
186034,www.pccc.edu
186131,www.princeton.edu
186186,www.rca.edu/
186201,www.ramapo.edu
186283,www.rider.edu
186371,www.rutgers.edu
186380,www.rutgers.edu/
186399,www.rutgers.edu
186432,www.saintpeters.edu
186469,www.salemcc.edu
186584,www.shu.edu
186618,www.cse.edu
186645,www.raritanval.edu
186867,www.stevens.edu
186876,www.stockton.edu
187134,www.tcnj.edu
187198,www.ucc.edu
187444,www.wpunj.edu
187532,www.cnm.edu
187596,www.navajotech.edu
187620,dabcc.nmsu.edu/
187639,www.clovis.edu
187648,www.enmu.edu
187666,www.roswell.enmu.edu
187745,www.iaia.edu
187897,www.nmhu.edu
187903,www.nmjc.edu
187912,www.nmmi.edu
187958,www.gallup.unm.edu
187967,www.nmt.edu
187976,www.la.unm.edu
187985,www.unm.edu
187994,nmsua.edu
188003,www.cavern.nmsu.edu/
188021,grants.nmsu.edu/
188030,www.nmsu.edu/
188049,vc.unm.edu/
188058,nnmc.edu
188100,www.sanjuancollege.edu
188137,www.sfcc.edu
188146,www.santafeuniversity.edu
188182,www.usw.edu
188216,www.sipi.edu
188225,taos.unm.edu/index.html
188261,www.mesalands.edu
188304,www.wnmu.edu
188340,www.vaughn.edu
188429,www.adelphi.edu/
188438,www.sunyacc.edu
188465,www.globe.edu/index.asp
188517,www.bryantstratton.edu
188526,www.acphs.edu
188641,www.alfred.edu
188678,www.aada.edu
188687,www.funeraleducation.org
188854,www.amda.edu
189088,www.bard.edu
189097,www.barnard.edu
189228,www.berkeleycollege.edu
189282,www.futurenursebi.org
189413,boricuacollege.edu
189422,bramsonort.edu
189459,www.briarcliffe.edu
189547,www.sunybroome.edu
189556,www.bryantstratton.edu
189565,www.bryantstratton.edu
189574,www.bryantstratton.edu
189583,www.bryantstratton.edu
189592,www.bryantstratton.edu
189653,www.thecollegeforbusiness.com
189705,www.canisius.edu
189811,stpaulsschoolofnursing.com
189839,www.cayuga-cc.edu/
189848,www.cazenovia.edu
189857,
190044,www.clarkson.edu
190053,www.clinton.edu
190099,www.colgate.edu
190114,www.mcny.edu
190150,www.columbia.edu
190169,www.sunycgcc.edu
190248,www.concordia-ny.edu
190372,www.cooper.edu
190415,www.cornell.edu
190442,www.corning-cc.edu/
190451,www.crouse.org/nursing
190503,www.ciachef.edu
190512,www.baruch.cuny.edu
190521,www.bmcc.cuny.edu/
190530,www.bcc.cuny.edu
190549,www.brooklyn.cuny.edu
190558,www.csi.cuny.edu
190567,www.ccny.cuny.edu
190585,www.hostos.cuny.edu
190594,www.hunter.cuny.edu
190600,www.jjay.cuny.edu
190619,www.kbcc.cuny.edu
190628,www.lagcc.cuny.edu
190637,www.lehman.cuny.edu
190646,www.mec.cuny.edu
190655,www.citytech.cuny.edu
190664,www.qc.cuny.edu
190673,www.qcc.cuny.edu
190691,www.york.cuny.edu
190716,www.dyc.edu
190725,www.daemen.edu
190761,www.dc.edu
190770,www.dowling.edu
190840,www.sunydutchess.edu
190956,ellisbelangerschoolofnursing.org
190974,www.ebi-college.com
190983,www.elmira.edu
191083,www.ecc.edu
191126,www.fitnyc.edu
191199,www.flcc.edu
191205,www.ftc.edu
191241,www.fordham.edu
191302,fmcc.edu
191339,www.genesee.edu
191515,www.hamilton.edu
191533,www.hartwick.edu/
191597,www.helenefuld.edu
191612,www.herkimer.edu/
191621,www.hilbert.edu
191630,www.hws.edu
191649,www.hofstra.edu
191676,www.houghton.edu
191719,www.hvcc.edu
191764,www.idc.edu
191931,www.iona.edu
191959,www.idti.edu
191968,www.ithaca.edu
191986,www.sunyjcc.edu
192004,www.jamestownbusinesscollege.edu
192022,www.sunyjefferson.edu
192040,www.jtsa.edu
192110,www.juilliard.edu
192156,www.sbmelville.edu
192165,kehilathyakov.com
192192,www.keuka.edu
192271,www.limcollege.edu
192323,www.lemoyne.edu
192439,www.liu.edu
192448,www.liu.edu
192509,www.libi.edu
192624,
192688,www.mandl.edu
192703,www.manhattan.edu
192712,www.msmnyc.edu
192749,www.manhattanville.edu
192785,www.mariacollege.edu
192819,www.marist.edu
192864,www.mmm.edu
192925,www.medaille.edu
192961,www.nehealth.com
193016,www.mercy.edu
193052,independentrabbinicalcolleges.org/index.html
193201,www.mildred-elley.edu
193247,
193283,www.mvcc.edu
193292,www.molloy.edu
193308,www.monroecollege.edu
193326,www.monroecc.edu/
193353,www.msmc.edu
193399,www.mountsaintvincent.edu
193478,www.ncc.edu/
193584,www.naz.edu
193645,www.cnr.edu
193654,www.newschool.edu
193900,www.nyu.edu
193946,www.niagaracc.suny.edu
193973,www.niagara.edu
194028,www.nccc.edu
194091,www.nyit.edu
194116,www.nysid.edu
194161,www.nyack.edu
194222,www.sunyocc.edu
194240,www.sunyorange.edu/
194310,www.pace.edu
194392,www.paulsmiths.edu
194499,www.plazacollege.edu
194541,www.poly.edu
194569,www.davisny.edu/
194578,www.pratt.edu
194611,www.pbcny.edu
194657,
194666,rabbinicalcollegeboboveryeshiva.edu
194763,
194824,www.rpi.edu
194958,www.roberts.edu
194967,www.everest.edu/campus/rochester
195003,www.rit.edu/
195030,www.rochester.edu
195058,www.sunyrockland.edu/
195128,www.sage.edu
195164,www.sbu.edu
195173,www.sfc.edu
195191,www.sjhcon.org
195216,www.stlawu.edu
195234,www.strose.edu
195243,www.stac.edu
195289,www.nehealth.com
195304,www.slc.edu
195322,www.sunysccc.edu
195438,www.shoryoshuv.org/
195474,www.siena.edu
195526,www.skidmore.edu/
195544,www.sjcny.edu
195687,www.secon.edu
195720,www.sjfc.edu
195784,www.stpaulsschoolofnursing.edu/
195809,www.stjohns.edu
195845,www.nyci.edu
195988,www.sunysullivan.edu/
196006,www.alfredstate.edu
196015,www.canton.edu
196024,www.delhi.edu
196033,www.cobleskill.edu/
196042,www.farmingdale.edu
196051,www.morrisville.edu
196060,www.albany.edu
196079,www.binghamton.edu
196088,www.buffalo.edu
196097,www.stonybrook.edu
196103,www.esf.edu
196112,www.sunyit.edu
196121,www.brockport.edu
196130,www.buffalostate.edu
196149,www2.cortland.edu
196158,www.fredonia.edu
196167,www.geneseo.edu/
196176,www.newpaltz.edu
196185,www.oneonta.edu
196194,www.oswego.edu/
196200,www.potsdam.edu
196219,www.purchase.edu
196237,www.oldwestbury.edu
196246,www.plattsburgh.edu
196264,www.esc.edu
196291,www.sunymaritime.edu
196389,www.swedishinstitute.edu
196413,syr.edu/
196431,www.tsot.edu/
196477,www.tcicollege.edu
196565,www.tc3.edu
196583,
196592,www.touro.edu
196653,www.trocaire.edu/
196699,www.sunyulster.edu
196866,www.union.edu/
197018,utsny.com
197027,www.usmma.edu
197045,www.utica.edu/
197081,www.uscny.edu
197133,www.vassar.edu
197142,www.villa.edu
197151,www.sva.edu
197197,www.wagner.edu
197230,www.wells.edu
197285,www.cw.edu
197294,www.sunywcc.edu
197522,woodtobecoburn.edu
197601,
197610,www.mikdashmelech.net/
197647,
197674,yeshivaofnitra.org
197708,www.yu.edu
197735,
197744,
197814,www.albemarle.edu
197832,www.artinstitutes.edu/charlotte
197850,www.spcc.edu
197869,www.appstate.edu/
197887,www.abtech.edu
197911,www.barton.edu
197966,www.beaufortccc.edu
197984,www.belmontabbeycollege.edu
197993,www.bennett.edu
198011,www.bladencc.edu
198039,www.blueridge.edu
198066,www.brevard.edu
198084,www.brunswickcc.edu
198109,www.cabarruscollege.edu/index.cfm
198118,www.cccti.edu
198136,www.campbell.edu
198154,www.cfcc.edu
198206,www.carteret.edu
198215,www.catawba.edu
198233,www.cvcc.edu
198242,www.southcollegenc.edu
198251,www.cccc.edu
198260,www.cpcc.edu
198303,www.chowan.edu/
198321,www.clevelandcc.edu
198330,www.coastalcarolina.edu/
198367,www.cravencc.edu
198376,www.davidsonccc.edu
198385,www.davidson.edu/
198419,www.duke.edu
198455,www.durhamtech.edu
198464,www.ecu.edu
198491,www.edgecombe.edu
198507,www.ecsu.edu
198516,www.elon.edu
198534,www.faytechcc.edu
198543,www.uncfsu.edu
198552,www.forsythtech.edu/
198561,www.gardner-webb.edu
198570,www.gaston.edu
198598,www.greensboro.edu
198613,www.guilford.edu
198622,www.gtcc.edu
198640,www.halifaxcc.edu
198668,www.haywood.edu
198695,www.highpoint.edu
198710,www.isothermal.edu
198729,www.jamessprunt.edu
198747,www.laureluniversity.edu
198756,www.jcsu.edu
198774,www.johnstoncc.edu
198808,www.lmc.edu
198817,www.lenoircc.edu
198835,www.lr.edu
198862,www.livingstone.edu
198871,www.louisburg.edu
198899,www.mhu.edu
198905,www.martincc.edu
198914,www.mayland.edu
198923,www.mcdowelltech.edu
198950,www.meredith.edu
198969,www.methodist.edu
198978,www.miller-motte.edu
198987,www.mitchellcc.edu
199023,www.montgomery.edu
199032,www.montreat.edu
199069,www.moc.edu
199087,www.nashcc.edu
199102,www.ncat.edu
199111,www.unca.edu
199120,www.unc.edu
199139,www.uncc.edu
199148,www.uncg.edu
199157,www.nccu.edu
199184,www.uncsa.edu/
199193,www.ncsu.edu
199209,www.ncwc.edu
199218,www.uncw.edu
199263,www.pamlicocc.edu
199272,www.peace.edu
199281,www.uncp.edu
199306,www.pfeiffer.edu
199315,www.piedmontu.edu
199324,www.piedmontcc.edu
199333,www.pittcc.edu
199412,www.queens.edu
199421,www.randolph.edu
199449,www.richmondcc.edu
199458,www.macuniversity.edu
199467,www.roanokechowan.edu
199476,www.robeson.edu
199485,www.rockinghamcc.edu
199494,www.rccc.edu/
199582,www.st-aug.edu
199607,www.salem.edu/
199625,www.sampsoncc.edu
199634,www.sandhills.edu
199643,www.shawuniversity.edu
199698,www.sapc.edu
199722,www.sccnc.edu
199731,www.southwesterncc.edu
199740,www.stanly.edu
199768,www.surry.edu
199786,www.alamancecc.edu
199795,www.tricountycc.edu
199838,www.vgcc.edu
199847,www.wfu.edu
199856,www.waketech.edu/
199865,www.warren-wilson.edu
199892,www.waynecc.edu
199908,www.wpcc.edu
199926,www.wilkescc.edu
199953,www.wilsoncc.edu
199962,www.wingate.edu
199999,www.wssu.edu
200004,www.wcu.edu
200013,rasmussen.edu
200022,www.bismarckstate.edu
200059,www.dickinsonstate.com
200086,www.fortbertholdcc.edu/default.htm
200156,www.jc.edu
200192,www.lrsc.edu
200208,www.littlehoop.edu
200217,www.umary.edu/
200226,www.mayvillestate.edu/default.aspx
200253,www.minotstateu.edu
200280,und.edu
200305,www.ndscs.edu
200314,www.dakotacollege.edu
200332,www.ndsu.edu
200341,www.willistonstate.edu
200466,www.sittingbull.edu
200484,www.trinitybiblecollege.edu
200527,www.tm.edu
200554,unitedtribestech.com
200572,www.vcsu.edu
200590,eticollege.edu
200633,www.miamijacobs.edu/
200785,www.akroninstitute.com
200800,www.uakron.edu
200846,www.wayne.uakron.edu
201016,www.antonellicollege.edu
201061,www.artacademy.edu
201104,www1.ashland.edu
201177,www.aultmancollege.org
201195,www.bw.edu
201283,www.belmontcollege.edu
201371,www.bluffton.edu
201399,www.fortiscollege.edu
201432,www.firelands.bgsu.edu
201441,www.bgsu.edu
201469,www.bryantstratton.edu
201548,www.capital.edu
201645,www.case.edu
201654,www.cedarville.edu
201672,www.cotc.edu
201690,www.centralstate.edu
201751,www.chatfield.edu
201821,www.thechristcollege.edu
201858,www.ccuniversity.edu
201885,www.uc.edu
201928,www.cincinnatistate.edu
201946,www.clc.uc.edu
201955,www.ucblueash.edu/
201964,www.ohiochristian.edu
201973,www.clarkstate.edu
202046,www.cia.edu
202073,www.cim.edu
202134,www.csuohio.edu/
202161,www.bradfordschoolcolumbus.edu
202170,www.ccad.edu
202222,www.cscc.edu/
202356,www.tri-c.edu
202435,www.daviscollege.edu
202480,www.udayton.edu
202514,www.defiance.edu
202523,www.denison.edu
202648,www.edisonohio.edu
202684,www.bryantstratton.edu
202763,www.findlay.edu/
202806,www.franklin.edu
202903,www.gbs.edu
202912,www.gscollege.edu
203085,www.heidelberg.edu
203128,www.hiram.edu
203155,www.hocking.edu
203313,www.itt-tech.edu
203331,www.egcc.edu
203368,sites.jcu.edu/
203386,www.hondros.edu
203447,www.ashtabula.kent.edu
203456,www.eliv.kent.edu
203465,www.stark.kent.edu
203474,www.trumbull.kent.edu
203483,www.tusc.kent.edu
203492,www.salem.kent.edu
203517,www.kent.edu
203526,www.geauga.kent.edu
203535,www.kenyon.edu/
203544,www.kc.edu
203580,www.lec.edu
203599,www.lakelandcc.edu
203678,www.rhodesstate.edu
203720,www.ohiobusinesscollege.edu/
203739,www.ohiobusinesscollege.edu
203748,www.lorainccc.edu
203757,www.lourdes.edu
203775,www.malone.edu
203845,www.marietta.edu
203881,www.mtc.edu
203960,www.mercycollege.edu
204006,www.regionals.miamioh.edu
204015,www.regionals.miamioh.edu
204024,www.miami.miamioh.edu
204060,www.miamijacobs.edu
204176,www.mccn.edu
204185,www.mountunion.edu
204194,www.mvnu.edu
204200,www.msj.edu
204255,www.zanestate.edu
204264,www.muskingum.edu/
204307,fortiscollege.edu
204316,www.brownmackie.edu
204422,www.ncstatecollege.edu
204440,www.northweststate.edu
204468,www.notredamecollege.edu
204486,www.unoh.edu
204501,www.oberlin.edu
204592,www.ocm.edu
204608,www.ohiotech.edu
204617,www.ohiodominican.edu
204626,www.kaplancollege.com/dayton-oh/
204635,www.onu.edu/
204662,www.ati.osu.edu/
204671,www.lima.ohio-state.edu
204680,www.mansfield.ohio-state.edu
204699,osumarion.osu.edu/
204705,www.newark.osu.edu
204796,www.osu.edu
204802,www.eastern.ohiou.edu
204820,www.chillicothe.ohiou.edu
204839,www.southern.ohiou.edu/
204848,www.lancaster.ohiou.edu
204857,www.ohio.edu
204866,www.zanesville.ohiou.edu/
204884,ovct.edu
204909,www.owu.edu/
204936,www.otterbein.edu
204945,https://www.owens.edu
205027,www.pcj.edu
205054,www.proskills.edu
205179,www.fortiscollege.edu
205203,www.rio.edu
205391,www.saa.edu
205443,www.shawnee.edu
205470,www.sinclair.edu
205513,www.gallipoliscareercollege.edu
205522,www.daymarcollege.edu
205559,www.daymarcollege.edu
205568,daymarcollege.edu/
205610,www.brownmackie.edu
205647,www.brownmackie.edu
205708,www.lincolnedu.com/campus/cincinnati-tri-county-oh
205726,www.lincolnedu.com
205841,www.starkstate.edu
205887,www.sctoday.edu
205957,www.franciscan.edu
205966,www.sscc.edu
206002,omw.edu
206011,www.terra.edu
206048,www.tiffin.edu
206084,www.utoledo.edu/
206093,www.kaplancareerinstitute.com/cleveland-oh/
206224,www.trumbull.edu
206279,www.myunion.edu
206330,www.urbana.edu
206349,www.ursuline.edu
206394,www.vmcad.edu
206437,www.walsh.edu
206446,www.wscc.edu
206491,www.wilberforce.edu
206507,www.wilmington.edu
206525,www.wittenberg.edu
206589,www.wooster.edu
206604,www.wright.edu
206613,www.wright.edu
206622,www.xavier.edu
206631,www.itt-tech.edu
206695,www.ysu.edu
206817,www.bacone.edu
206835,www.okwu.edu
206862,snu.edu
206914,www.cameron.edu
206923,www.carlalbert.edu
206941,www.uco.edu
206996,www.connorsstate.edu
207041,https://www.ecok.edu
207050,www.eosc.edu
207069,www.redlandscc.edu
207157,www.hc.edu
207209,www.lunet.edu
207236,www.mscok.edu
207254,www.spartan.edu
207263,www.nsuok.edu
207281,www.noc.edu
207290,www.neo.edu
207306,www.nwosu.edu
207324,www.oc.edu
207351,www.opsu.edu
207388,www.okstate.edu/
207397,www.osuokc.edu
207403,www.okbu.edu
207449,www.occc.edu
207458,www.okcu.edu
207500,www.ou.edu
207564,www.osuit.edu/
207582,oru.edu
207625,www.plattcollege.edu
207661,www.rsu.edu
207670,www.rose.edu
207689,www.stgregorys.edu
207722,www.usao.edu
207740,www.sscok.edu
207847,www.se.edu
207856,www.swcu.edu
207865,www.swosu.edu
207935,www.tulsacc.edu
207962,www.weldingschool.com
207971,www.utulsa.edu
208035,www.wosc.edu
208239,www.artinstitutes.edu/portland/
208275,www.bluecc.edu
208318,www.cocc.edu
208390,www.chemeketa.edu
208406,www.clackamas.edu
208415,www.clatsopcc.edu
208479,www.concorde.edu
208488,www.cu-portland.edu
208646,www.eou.edu
208725,www.newhope.edu
208822,www.georgefox.edu
208965,www.itt-tech.edu
209038,www.lanecc.edu
209056,www.lclark.edu/
209065,www.linfield.edu
209074,www.linnbenton.edu
209108,www.marylhurst.edu
209241,www.mountangelabbey.org/seminary/index.html
209250,www.mhcc.edu
209287,www.multnomah.edu
209409,www.nwcu.edu/
209506,www.oit.edu
209533,www.ocac.edu
209542,oregonstate.edu
209551,www.uoregon.edu
209603,www.pnca.edu
209612,www.pacificu.edu
209746,www.pcc.edu
209807,www.pdx.edu
209825,www.up.edu
209922,www.reed.edu
209940,www.roguecc.edu
210076,www.pioneerpacific.edu
210146,www.sou.edu
210155,www.socc.edu
210234,www.tvcc.cc
210270,www.umpqua.edu/
210304,www.warnerpacific.edu/adult-degrees/adult-degree-program
210331,www.corban.edu
210359,www.everest.edu/campus/portland
210401,www.willamette.edu
210429,www.wou.edu
210492,www.brynathyn.edu
210571,www.albright.edu
210605,www.ccac.edu
210669,www.allegheny.edu
210739,www.desales.edu
210775,www.alvernia.edu
210890,www.antonelli.edu
210906,www.artinstitutes.edu/york
210942,www.artinstitutes.edu/philadelphia/
210960,artinstitutes.edu/pittsburgh/
211024,www.bbc.edu
211079,www.ccbc.edu
211088,www.arcadia.edu
211149,www.bidwell-training.org
211158,www.bloomu.edu
211200,www.bradfordpittsburgh.edu
211273,www.brynmawr.edu
211291,www.bucknell.edu
211307,www.bucks.edu/
211316,www.bcsbc.com
211343,www.bc3.edu
211352,www.cabrini.edu
211361,www.calu.edu
211398,www.crbc.edu
211431,www.carlow.edu
211440,www.cmu.edu/
211468,www.cedarcrest.edu
211477,www.centralpenn.edu
211556,www.chatham.edu
211583,www.chc.edu
211608,www.cheyney.edu
211617,www.kaplancareerinstitute.com/franklin-mills-pa/
211644,www.clarion.edu
211820,www.csb.edu
211893,www.curtis.edu
211909,www.deantech.edu
211927,www.dccc.edu
211981,www.delval.edu
212009,www.dickinson.edu
212045,www.dec.edu
212054,www.drexel.edu
212072,www.dbcollege.com/content/dubois-main-campus
212090,www.everest.edu/campus/pittsburgh
212106,www.duq.edu
212115,www4.esu.edu/
212133,www.eastern.edu/about/student-consumer-information
212160,www.edinboro.edu/
212197,www.etown.edu
212425,www.eriebc.edu
212434,www.erieit.edu
212577,www.fandm.edu
212601,www.gannon.edu
212656,www.geneva.edu
212674,www.gettysburg.edu
212832,www.gmc.edu
212869,www.harcum.edu
212878,www.hacc.edu
212911,www.haverford.edu
212975,www.hgac.org
212984,www.holyfamily.edu
212993,www.hussianart.edu
213002,www.kaplancareerinstitute.com/pittsburgh-pa/
213011,www.immaculata.edu
213020,www.iup.edu
213233,www.johnson.edu
213251,www.juniata.edu
213303,www.keystone.edu
213321,www.kings.edu
213349,www2.kutztown.edu/
213358,www.laroche.edu
213367,www.lasalle.edu
213376,www.lackawanna.edu
213385,www.lafayette.edu/
213400,www.lbc.edu
213473,www.lsb.edu
213507,www.lvc.edu
213525,www.lccc.edu
213534,www.berks.edu
213543,www.lehigh.edu
213570,www.lincolntech.com
213589,www.lincolntech.com
213598,www.lincoln.edu
213613,www.lhup.edu
213659,www.luzerne.edu
213668,www.lycoming.edu
213774,www.manor.edu
213783,www.mansfield.edu
213826,www.marywood.edu/
213914,www.vettechinstitute.edu
213987,www.mercyhurst.edu
213996,www.messiah.edu
214023,www.careersinit.org
214041,www.millersville.edu
214069,www.misericordia.edu
214111,www.mc3.edu
214148,www.moore.edu
214157,www.moravian.edu
214166,www.mtaloy.edu/home/
214175,www.muhlenberg.edu
214272,www.neumann.edu
214290,www.ncstrades.edu
214379,www.northampton.edu
214528,www.orleanstech.edu
214582,www.pit.edu
214591,psbehrend.psu.edu/
214625,www.nk.psu.edu/
214634,www.shenango.psu.edu
214643,www.wb.psu.edu/
214652,www.sn.psu.edu/
214670,www.lv.psu.edu/
214689,www.altoona.psu.edu/
214698,www.br.psu.edu/
214704,www.bk.psu.edu/
214713,hbg.psu.edu/
214731,www.brandywine.psu.edu/
214740,www.ds.psu.edu/
214759,www.fe.psu.edu/
214768,www.hn.psu.edu/
214777,www.psu.edu/
214786,www.ga.psu.edu/
214795,www.ma.psu.edu/
214801,www.abington.psu.edu/
214810,www.sl.psu.edu
214829,www.yk.psu.edu/
214838,www.paceinstitute.edu
214883,www.peirce.edu
214892,www.penncommercial.edu
214944,www.penncotech.edu/pennco-bristol.php
214971,www.pafa.org
215053,www.pcad.edu
215062,www.upenn.edu
215099,www.philau.edu
215105,www.uarts.edu
215114,www.cairn.edu
215132,www.usciences.edu
215239,www.ccp.edu
215266,www.upb.pitt.edu/
215275,www.greensburg.pitt.edu/
215284,www.upj.pitt.edu
215293,www.pitt.edu
215309,www.upt.pitt.edu
215381,www.pia.edu
215390,www.pims.edu
215415,www.pti.edu
215433,www.pjaschool.com
215442,www.pointpark.edu
215585,www.racc.edu
215637,www.walnuthillcollege.edu
215646,www.kaplancareerinstitute.com/broomall-pa/
215655,www.rmu.edu
215682,www.rosedaletech.org
215691,www.rosemont.edu
215743,www.francis.edu
215770,www.sju.edu
215798,www.stvincent.edu
215929,www.scranton.edu
215947,www.setonhill.edu
215992,www.laurel.edu
216010,www.ship.edu/
216038,www.sru.edu
216047,www.scs.edu
216083,www.southhills.edu
216278,www.susqu.edu
216287,www.swarthmore.edu
216296,www.stevenscollege.edu
216311,
216339,www.temple.edu
216357,www.thiel.edu
216418,www.fortis.edu
216427,www.triangle-tech.edu
216436,www.triangle-tech.edu
216445,www.triangle-tech.edu
216454,www.triangle-tech.edu
216524,www.ursinus.edu
216542,www.vfcc.edu
216551,www.vfmac.edu
216597,www.villanova.edu
216667,www.washjeff.edu
216694,www.waynesburg.edu
216764,www.wcupa.edu
216782,www.sanfordbrown.edu/pittsburgh
216807,www.westminster.edu
216825,wccc.edu
216852,www.widener.edu
216931,www.wilkes.edu
217013,www.wilson.edu
217059,www.ycp.edu
217077,www.yti.edu
217086,www.ybi.edu
217156,www.brown.edu
217165,www.bryant.edu
217235,www.jwu.edu
217305,www.neit.edu
217402,www.providence.edu
217420,www.ric.edu
217475,www.ccri.edu
217484,www.uri.edu/
217493,www.risd.edu
217518,www.rwu.edu
217536,www.salve.edu
217606,www.northpoint.edu
217615,www.atc.edu
217624,allenuniversity.edu
217633,www.andersonuniversity.edu
217688,www.csuniv.edu
217712,www.tcl.edu
217721,www.benedict.edu
217749,www.bju.edu
217776,www.swu.edu
217819,www.cofc.edu
217837,www.netc.edu
217864,www.citadel.edu
217873,www.claflin.edu
217882,www.clemson.edu
217891,www.clintonjuniorcollege.edu
217907,www.coker.edu
217925,www.ciu.edu
217934,www.columbiasc.edu/
217961,www.converse.edu
217989,www.denmarktech.edu
217998,www.erskine.edu
218025,www.fdtc.edu
218043,www.forrestcollege.edu
218061,www.fmarion.edu
218070,www.furman.edu
218113,www.gvltec.edu
218140,www.hgtc.edu
218229,www.lander.edu
218238,www.limestone.edu
218353,www.midlandstech.edu
218399,www.morris.edu
218414,www.newberry.edu
218441,www.ngu.edu
218487,www.octech.edu
218520,www.ptc.edu
218539,www.presby.edu
218645,web.usca.edu
218654,www.uscb.edu
218663,www.sc.edu/
218672,usclancaster.sc.edu/
218681,uscsalkehatchie.sc.edu/
218690,www.uscsumter.edu/
218706,uscunion.sc.edu/
218724,www.coastal.edu
218733,www.scsu.edu
218742,www.uscupstate.edu
218821,www.smcsc.edu/
218830,www.sccsc.edu
218858,www.cctech.edu
218885,www.tctc.edu
218894,www.tridenttech.edu
218919,www.voorhees.edu
218955,www.wiltech.edu
218964,www.winthrop.edu
218973,www.wofford.edu
218991,www.yorktech.edu
219000,www.augie.edu
219046,www.bhsu.edu
219055,www.kilian.edu
219082,www.dsu.edu
219091,www.dwu.edu
219143,www.lakeareatech.edu
219189,www.mitchelltech.edu
219198,www.mtmc.edu
219204,www.national.edu/locations/south-dakota/rapid-city
219213,www.national.edu/locations/south-dakota/sioux-falls
219259,www.northern.edu
219277,www.olc.edu
219295,www.presentation.edu
219347,www.sdsmt.edu
219356,www.sdstate.edu/
219374,www.sintegleska.edu
219383,www.usiouxfalls.edu/
219408,www.swc.tc
219426,www.southeasttech.edu
219471,www.usd.edu
219480,https://www.wdt.edu
219505,www.abcnash.edu
219578,www.aquinascollege.edu
219602,www.apsu.edu
219639,www.bchs.edu
219709,www.belmont.edu
219718,www.bethelu.edu/
219790,www.bryan.edu
219806,www.cn.edu
219824,www.chattanoogastate.edu
219833,www.cbu.edu
219879,www.clevelandstatecc.edu
219888,www.columbiastate.edu
219903,www.concorde.edu
219949,www.cumberland.edu
219976,www.lipscomb.edu
220002,www.daymarinstitute.edu
220057,www.dscc.edu
220075,www.etsu.edu
220118,www.chattanoogacollege.edu
220181,www.fisk.edu
220206,www.welch.edu
220215,www.fhu.edu
220312,www.hiwassee.edu
220400,www.jscc.edu
220464,www.guptoncollege.edu
220473,www.johnsonu.edu
220516,www.king.edu
220552,www.southcollegetn.edu
220598,www.lanecollege.edu
220604,www.loc.edu
220613,www.leeuniversity.edu
220631,www.lmunet.edu
220701,www.martinmethodist.edu
220710,www.maryvillecollege.edu
220808,www.mca.edu
220862,www.memphis.edu
220941,www.victory.edu
220978,www.mtsu.edu
221014,www.milligan.edu
221096,www.mscc.edu
221148,www.nadcedu.com
221184,www.nscc.edu
221254,www.omorecollege.edu
221351,www.rhodes.edu
221397,www.roanestate.edu
221485,www.southwest.tn.edu
221519,www.sewanee.edu
221643,www.pstcc.edu/
221661,www.southern.edu
221731,www.twcnet.edu
221740,www.utc.edu
221759,www.tennessee.edu
221768,www.utm.edu
221795,www.fountainheadcollege.edu
221838,www.tnstate.edu
221847,www.tntech.edu
221856,www.tntemple.edu
221892,www.trevecca.edu
221908,www.northeaststate.edu
221953,www.tusculum.edu
221971,www.uu.edu
221999,www.vanderbilt.edu
222053,www.volstate.edu
222062,www.ws.edu
222099,www.wtbc.edu
222105,www.williamrmoore.org
222178,www.acu.edu
222567,www.alvincollege.edu
222576,www.actx.edu
222822,www.angelina.edu
222831,www.angelo.edu
222877,arlingtonbaptistcollege.edu
222938,www.aih.aii.edu
222983,www.austincollege.edu
222992,www.austincc.edu
223232,www.baylor.edu
223320,www.coastalbend.edu
223427,www.blinn.edu
223463,www.remingtoncollege.edu/dallas-texas-career-schools-overview
223472,houston.vettechinstitute.edu
223506,www.brazosport.edu
223524,www.brookhavencollege.edu/
223773,www.cedarvalleycollege.edu
223816,www.ctcd.edu
223898,www.cisco.edu
223922,www.clarendoncollege.edu
224004,www.concordia.edu
224110,www.nctc.edu
224147,www.tamucc.edu
224183,www.cri.edu
224226,www.dbu.edu
224244,www.dallas.edu
224271,www.dallasinstitute.edu
224323,www.udallas.edu
224350,www.delmar.edu
224439,www.careerpointcollege.edu
224527,www.etbu.edu
224545,www.tamut.edu
224554,www.tamuc.edu/
224572,www.eastfieldcollege.edu/
224615,www.elcentrocollege.edu/
224642,www.epcc.edu
224660,www.westerntech.edu
224679,www.westerntech.edu
224776,www.artinstitutes.edu/dallas/
224891,www.fpctx.edu
224961,www.gc.edu
225070,www.grayson.edu
225201,www.hallmarkcollege.edu
225247,www.hsutx.edu
225308,www.tvcc.edu
225371,www.hillcollege.edu
225399,www.hbu.edu
225423,www.hccs.edu
225432,www.uhd.edu
225502,www.uhv.edu
225511,www.uh.edu/students
225520,www.howardcollege.edu
225548,www.hputx.edu
225575,www.htu.edu
225627,www.uiw.edu
225779,www.ibcelpaso.edu
225788,ibcelpaso.edu
225849,www.itt-tech.edu
225858,www.itt-tech.edu
225876,www.jacksonville-college.edu
225885,www.jarvis.edu
225991,www.kdstudio.com
226019,www.kilgore.edu
226091,www.lamar.edu
226107,www.lsco.edu
226116,www.lamarpa.edu
226134,www.laredo.edu
226152,tamiu.edu
226204,www.lee.edu
226231,www.letu.edu
226277,lincolntech.com
226383,www.lcu.edu
226408,www.com.edu
226471,www.umhb.edu
226578,www.mclennan.edu
226587,www.mcm.edu/
226806,www.midland.edu
226833,www.mwsu.edu
226879,www.wadecollege.edu
226930,www.dcccd.edu
227146,www.navarrocollege.edu
227182,www.lonestar.edu
227191,www.northlakecollege.edu/pages/default.aspx
227216,www.unt.edu
227225,www.ntcc.edu
227243,www.northwood.edu
227304,www.odessa.edu
227331,www.ollusa.edu
227368,www.utpa.edu
227377,www.utb.edu
227386,www.panola.edu
227401,www.parisjc.edu/
227429,www.pqc.edu
227526,www.pvamu.edu
227687,www.rangercollege.edu
227757,www.rice.edu
227766,www.richlandcollege.edu/
227836,www.kaplancollege.com/mcallen-tx/
227845,www.stedwards.edu
227854,www.alamo.edu/spc/
227863,www.stthom.edu
227881,www.shsu.edu/
227924,www.alamo.edu/sac
227979,www.sjcd.edu
228042,www.schreiner.edu
228149,www.stmarytx.edu/
228158,www.southplainscollege.edu/
228246,www.smu.edu
228316,www.swtjc.net
228325,www.sagu.edu
228343,www.southwestern.edu
228431,www.sfasu.edu
228459,www.txstate.edu
228468,www.swau.edu/
228486,www.swcc.edu
228501,www.sulross.edu
228529,www.tarleton.edu
228547,www.tccd.edu
228608,www.templejc.edu
228680,www.waco.tstc.edu
228699,www.texarkanacollege.edu
228705,www.tamuk.edu
228723,www.tamu.edu
228769,www.uta.edu
228778,www.utexas.edu
228787,www.utdallas.edu
228796,www.utep.edu
228802,www.uttyler.edu/
228875,www.tcu.edu/
228884,www.texascollege.edu
228981,www.tlu.edu
229018,www.utpb.edu
229027,www.utsa.edu/
229036,www.tsb.edu/houston-tx/
229063,www.tsu.edu
229115,www.ttu.edu
229160,www.txwes.edu
229179,www.twu.edu
229267,www.trinity.edu
229319,www.harlingen.tstc.edu
229328,www.westtexas.tstc.edu
229355,www.tjc.edu
229504,www.vernoncollege.edu
229540,www.victoriacollege.edu
229780,www.wbu.edu
229799,www.wc.edu
229814,www.wtamu.edu
229832,www.wtc.edu
229841,www.wcjc.edu
229887,wileyc.edu
230038,www.byu.edu
230047,www.byuh.edu/
230056,www.broadviewuniversity.edu
230171,www.dixie.edu/
230366,eaglegatecollege.edu
230384,www.itt-tech.edu
230418,www.ldsbc.edu
230472,www.everest.edu/campus/salt_lake_city
230597,www.snow.edu
230603,www.suu.edu/
230621,www.stevenshenager.edu
230630,www.stevenshenager.edu/locations/st-george
230728,www.usu.edu
230737,www.uvu.edu
230746,www.slcc.edu
230764,www.utah.edu
230782,www.weber.edu
230807,www.westminstercollege.edu
230816,www.bennington.edu
230825,www.burlington.edu
230834,www.castleton.edu
230852,www.champlain.edu
230861,www.ccv.edu
230889,www.goddard.edu
230898,www.greenmtn.edu
230913,www.jsc.edu
230931,www.lyndonstate.edu
230940,www.marlboro.edu
230959,www.middlebury.edu
230977,www.neci.edu
230995,www.norwich.edu
231059,www.smcvt.edu
231077,www.csj.edu
231086,www.svc.edu
231095,www.sterlingcollege.edu
231165,www.vtc.edu
231174,www.uvm.edu
231411,www.auto.edu
231420,www.averett.edu
231536,www.brcc.edu
231554,www.bluefield.edu
231581,www.bridgewater.edu
231624,www.wm.edu
231651,www.regent.edu
231697,www.cvcc.vccs.edu
231712,www.cnu.edu
231785,www.bryantstratton.edu
231828,www.bryantstratton.edu
231837,www.jchs.edu
231873,www.dslcc.edu
231882,www.dcc.vccs.edu
232016,www.centura.edu/va_beach/default.aspx
232025,www.ehc.edu
232043,www.emu.edu
232052,www.es.vccs.edu
232089,www.ferrum.edu
232186,www.gmu.edu
232195,www.germanna.edu
232256,www.hsc.edu
232265,www.hamptonu.edu
232308,www.hollins.edu
232414,www.reynolds.edu
232423,www.jmu.edu/
232450,www.jtcc.edu
232557,www.liberty.edu
232566,www.longwood.edu
232575,www.lfcc.edu
232609,www.lynchburg.edu
232672,www.mbc.edu
232681,www.umw.edu
232706,www.marymount.edu
232788,www.mecc.edu
232797,www.an.edu
232867,www.nr.edu
232937,www.nsu.edu
232946,www.nvcc.edu
232982,www.odu.edu
233019,www.patrickhenry.edu
233037,www.pdc.edu/
233091,www.miller-motte.edu/
233116,www.pvcc.edu
233277,www.radford.edu
233295,www.rmc.edu
233301,www.randolphcollege.edu
233310,www.rappahannock.edu/
233329,www.fortisedu.info/cig-vabeach.php
233338,www.rbc.edu
233356,www.bsmcon.edu
233374,www.richmond.edu
233426,www.roanoke.edu
233541,www.su.edu
233611,www.svu.edu
233639,www.southside.edu
233648,www.sw.edu
233684,www.strayer.edu/virginia/arlington
233718,www.sbc.edu
233754,www.tncc.edu
233772,www.tcc.edu
233897,https://www.uvawise.edu/
233903,www.vhcc.edu
233912,www.vic.edu
233921,www.vt.edu
233949,virginiawestern.edu/
234030,www.vcu.edu/
234076,www.virginia.edu/
234085,www.vmi.edu
234137,www.vul.edu
234155,www.vsu.edu
234164,www.vuu.edu
234173,www.vwc.edu
234207,www.wlu.edu/
234377,www.wcc.vccs.edu
234492,www.ais.edu
234669,bellevuecollege.edu/
234696,www.btc.ctc.edu
234711,www.bigbend.edu
234827,www.cwu.edu
234845,www.centralia.edu
234915,www.cityu.edu
234933,www.clark.edu
234951,www.cptc.edu
234979,www.columbiabasin.edu
235024,www.cornish.edu
235097,www.ewu.edu
235103,www.edcc.edu
235149,www.everettcc.edu
235167,www.evergreen.edu
235237,www.pierce.ctc.edu
235316,www.gonzaga.edu
235334,www.ghc.edu
235343,www.greenriver.edu/
235422,www.heritage.edu
235431,www.highline.edu
235495,www.interface.edu
235510,www.itt-tech.edu
235529,www.itt-tech.edu
235671,www.bates.ctc.edu/
235699,www.lwtech.edu
235750,lowercolumbia.edu
235769,www.tlc.edu
236072,www.northseattle.edu
236133,www.northwestu.edu
236188,www.olympic.edu
236230,www.plu.edu
236258,www.pencol.edu
236328,www.pugetsound.edu
236382,www.rtc.edu
236452,www.stmartin.edu
236504,southseattle.edu
236513,www.seattlecentral.edu
236577,www.spu.edu
236595,www.seattleu.edu
236610,www.shoreline.edu
236638,www.skagit.edu
236656,www.spscc.ctc.edu
236692,www.scc.spokane.edu
236708,www.spokanefalls.edu
236753,www.tacomacc.edu
236887,www.wwcc.edu/
236896,www.wallawalla.edu
236939,wsu.edu/
236948,www.washington.edu
236975,www.wvc.edu
236993,www.everest.edu/campus/vancouver
237011,www.wwu.edu
237039,www.whatcom.ctc.edu
237057,www.whitman.edu
237066,www.whitworth.edu
237109,www.yvcc.edu
237118,www.ab.edu/
237136,www.abc.edu
237181,www.bethanywv.edu
237215,www.bluefieldstate.edu
237312,www.ucwv.edu
237330,www.concord.edu
237358,www.dewv.edu
237367,www.fairmontstate.edu/
237385,www.glenville.edu
237437,www.huntingtonjuniorcollege.edu
237525,www.marshall.edu/
237598,www.msc.edu
237604,www.everest.edu/campus/cross_lanes
237640,www.ovu.edu
237686,www.wvup.edu
237701,www.potomacstatecollege.edu
237783,www.salemu.edu
237792,www.shepherd.edu
237817,www.southernwv.edu
237899,www.wvstateu.edu
237932,www.westliberty.edu/
237950,www.wvutech.edu
237969,www.wvwc.edu
237978,www.wvbc.edu
237987,www.wvjc.edu
237996,www.wvjc.edu
238014,www.wvncc.edu/
238032,www.wvu.edu/
238078,www.wju.edu
238193,www.alverno.edu
238263,madisoncollege.edu
238324,www.bellincollege.edu
238333,www.beloit.edu
238397,www.blackhawk.edu
238430,www.stritch.edu
238458,www.carrollu.edu
238476,www.carthage.edu
238616,www.cuw.edu
238661,www.edgewood.edu
238722,www.fvtc.edu
238759,www.gtc.edu
238892,www.itt-tech.edu
238980,www.lakeland.edu
239008,www.gotoltc.edu
239017,www.lawrence.edu
239071,www.mbbc.edu
239080,www.marianuniversity.edu
239105,www.marquette.edu
239220,www.mstc.edu
239248,matc.edu
239309,www.miad.edu
239318,www.msoe.edu
239372,www.morainepark.edu
239390,www.mtmary.edu/
239442,www.nicoletcollege.edu
239460,www.ntc.edu
239488,www.nwtc.edu
239503,www.ni.edu
239512,www.northland.edu
239628,www.ripon.edu
239716,www.snc.edu
239743,www.sl.edu/
239910,www.swtc.edu
239929,www.bryantstratton.edu
240055,www.uwc.edu
240107,www.viterbo.edu
240116,www.cvtc.edu
240125,www.wctc.edu
240170,www.westerntc.edu
240189,www.uww.edu
240198,www.witc.edu
240268,www.uwec.edu
240277,www.uwgb.edu
240329,www.uwlax.edu
240338,wlc.edu
240365,www.uwosh.edu
240374,www.uwp.edu
240392,www.herzing.edu
240417,www.uwstout.edu
240426,www.uwsuper.edu
240444,www.wisc.edu
240453,www.uwm.edu
240462,www.uwplatt.edu
240471,www.uwrf.edu
240480,www.uwsp.edu
240505,www.caspercollege.edu
240514,www.cwc.edu/
240596,ewc.wy.edu
240620,www.lccc.wy.edu
240657,www.northwestcollege.edu
240666,www.sheridan.edu
240693,www.wwcc.wy.edu
240718,www.wyotech.edu/campus/laramie
240727,www.uwyo.edu
243744,www.stanford.edu/
243780,www.purdue.edu
243823,www.parker.edu
244011,www.itt-tech.edu
244154,www.itt-tech.edu
244190,www.widener.edu
244233,www.citycollege.edu
244279,www.meridian.edu
244437,www.gpc.edu
244446,www.gptc.edu
245032,www.lincolnedu.com/campus/florence-ky
245342,www.vatterott.edu
245421,www.metrobusinesscollege.edu
245430,www.metrobusinesscollege.edu
245625,www.warren.edu
245652,www.sjc.edu
245883,www.antiochseattle.edu
245953,www.macu.edu
245962,www.plattcolleges.edu
246008,www.careerpointtulsa.com
246035,www.carrington.edu
246202,www.kaplancareerinstitute.com/nashville-tn/
246266,www.kaplancollege.com/el-paso-tx/
246354,www.alamo.edu/pac/
246813,www.athenstech.edu/
246974,www.carrington.edu
247065,www.beckfield.edu
247603,www.sussex.edu
247649,www.landmark.edu
247700,www.national.edu/locations/missouri/independence
247834,www.collin.edu
247940,www.owensboro.kctcs.edu
248776,www.okefenokeetech.edu
248846,fidm.edu
248882,www.national.edu/locations/new-mexico/albuquerque
248934,www.ecpi.edu
249609,www.fortisinstitute.edu
250027,laurel.edu/lbi/index.html
250601,www.carrington.edu
251075,www.kaplancareerinstitute.com/harrisburg-pa/
251251,www.itt-tech.edu
251260,www.suscc.edu
251312,www.southuniversity.edu
260293,www.everest.edu/campus/brandon
260354,www.csb.edu
260372,www.lco.edu
260691,pmi.edu
260789,www.plattcollege.edu
260813,www.plattcolorado.edu
260901,www.kaplanuniversity.edu/home.aspx
260910,www.kaplanuniversity.edu/cedar-falls-iowa.aspx
260974,www.itt-tech.edu
260992,www.northwesterncollege.edu
261472,www.itt-tech.edu
261861,www.piht.edu
261931,www.skyline.edu
262031,www.stchas.edu
262086,www.brandman.edu/
262129,www.ncf.edu
262332,www.chefs.edu/scottsdale
262457,www.sjvc.edu
262509,www.heritage-education.com
363387,www.heald.edu
363439,www.daymarcollege.edu
363633,www.luna.edu
363934,www.uat.edu
364016,www.pvc.maricopa.edu
364025,www.cgc.maricopa.edu
364168,www.mediainstitute.edu/madison
364955,www.kaplancollege.com/north-san-antonio-tx/
364973,www.chefs.edu/austin
365055,www.artinstitutes.edu/new-york/default.aspx
365204,vistacollege.edu
366003,www.sfbc.edu
366252,www.pct.edu
366261,www.commonwealth.edu
366270,www.deltacollege.com
366340,www.stonechild.edu
366395,www3.sunysuffolk.edu
366401,www.laspositascollege.edu
366447,www.altamahatech.edu
366465,www.ogeecheetech.edu
366535,www.remingtoncollege.edu/mobile-alabama-colleges-campus
366544,www.everest.edu/campus/aurora
366553,www.swfc.edu
366580,www.itt-tech.edu
366650,www.itt-tech.edu
366678,www.itt-tech.edu
366696,www.itt-tech.edu
366711,www.csusm.edu
366748,www.argosy.edu/hawaii/
366960,www.kaplancollege.com/modesto-ca/
367024,www.kaplanuniversity.edu/des-moines-iowa.aspx
367097,www.pcitraining.edu
367112,www.careertc.edu
367194,www.mcnallysmith.edu
367316,alliedhealthcareers.net
367459,www.nwacc.edu
367839,www.chu.edu
367884,www.hodges.edu
367909,www.everest.edu/campus/lakeland
367936,argosy.edu/
368443,www.daymarinstitute.edu
368452,www.nossi.edu
368601,www.itt-tech.edu
368629,pmi.edu
368780,www.laort.edu
368805,www.everest.edu/campus/west_los_angeles
368911,www.southeasterntech.edu
369084,www.itt-tech.edu
369516,www.bryanu.edu
369862,www.miamijacobs.edu
369905,www.bryantstratton.edu
371052,www.fortiscollege.edu
371760,www.heald.edu
371779,www.heald.edu
371982,www.everest.edu/campus/anaheim
372037,www.everest.edu/campus/city_of_industry
372073,www.fremont.edu
372213,www.phoenix.edu/
372222,www.phoenix.edu
372329,www.ibmc.edu
372578,www.itt-tech.edu
372772,www.heritage-education.com
372921,fortis.edu
372958,www.remingtoncollege.edu/honolulu-hawaii-colleges-career-schools
373058,www.vatterott.edu
373085,www.brownmackie.edu
373827,www.nescom.edu
374875,www.kaplancollege.com/las-vegas-nv/
374972,www.bryantstratton.edu
375230,
375416,www.remingtoncollege.edu/cleveland-ohio-career-schools-overview
375489,www.brownmackie.edu
375841,www.chefs.edu/portland
375939,www.yti.edu
377069,www.itt-tech.edu
377111,www.remingtoncollege.edu/fort-worth-texas-career-schools-overview
377342,vistacollege.edu
377449,www.centuracollege.edu
377458,www.centuracollege.edu
377546,www.ncad.edu
377555,www.uwb.edu
377564,www.tacoma.uw.edu/
378406,www.itt-tech.edu
378576,www.pacificcollege.edu
379029,www.sbi-tampa.com
379782,www.paralegal.edu
380094,www.remingtoncollege.edu/houston-texas-college-career-schools
380359,www.bmcc.edu
380368,www.fdltcc.edu
380377,www.nwic.edu
380438,www.provocollege.edu
380465,www.phoenix.edu
381617,www.baker.edu/
381732,www.csha.net
381787,www.westwood.edu
381909,www.itt-tech.edu
382504,www.kingscollegecharlotte.edu
382771,www.miller-motte.edu
382896,www.kaplancollege.com/dallas-tx/
382911,www.howardcollege.edu/swcid/
382957,www.fortis.edu
383190,hawaii.hawaii.edu
383950,www.antonellicollege.edu
383996,www.ruidoso.enmu.edu/
384209,www.anthem.edu/brymanschool/
384254,www.beaconcollege.edu
384333,www.emc.maricopa.edu
384342,www.heartland.edu
384412,www.potomac.edu
385008,www.sbftlaud.com
385503,www.fortis.edu
385619,www.evergladesuniversity.edu
386472,www.herzing.edu
387925,www.steinered.com
388043,www.national-college.edu
388520,www.cbshouston.edu
389727,www.vc.edu
390701,www.everest.edu/campus/south_orlando
392257,www.chcp.edu
392840,www.watkins.edu
395362,www.cmccd.edu
398130,www.mtsierra.edu
398574,www.wyotech.edu/campus/long_beach
399212,www.sccollege.edu/pages/default.aspx
399869,www.scitech.edu
399911,www.soka.edu
401223,www.wmu.edu
402776,www.suva.edu
403469,www.iecc.edu/fcc
403478,www.iecc.edu/ltc
403487,www.iecc.edu/wvc
404055,www.brooklinecollege.edu
404073,www.baker.edu
404082,www.baker.edu
404338,www.schiller.edu
404365,www.vatterott.edu
404374,www.vatterott.edu
404383,www.vatterott.edu
404426,www.coconino.edu/pages/default.aspx
404499,www.sanfordbrown.edu/houston
404505,www.sbjacksonville.com
404514,www.sanfordbrown.edu/dallas
404648,www.baker.edu
404912,pmi.edu
404921,www.fortis.edu
404994,www.asa.edu
405058,
405854,
405872,www.carrollcc.edu
405979,www.phoenix.edu
405988,www.phoenix.edu
405997,www.phoenix.edu
406006,www.phoenix.edu
406015,www.phoenix.edu
406024,www.galencollege.edu/tampabay
406033,www.galencollege.edu/sanantonio/
406194,www.westwood.edu
406200,www.wrightcc.edu
406219,www.daymarcollege.edu
406547,www.citycollege.edu
407063,www.itt-tech.edu
407285,www.msbcollege.edu
407319,www.itt-tech.edu
407328,www.osmt.com
408039,www.brownmackie.edu
408394,www.marshall.tstc.edu
408844,www.fnu.edu
409069,www.itt-tech.edu
409315,www.southtexascollege.edu
409670,www.everest.edu/campus/kendall
409698,www.csumb.edu
409874,www.heald.edu
410070,heritage-education.com
410283,www.brownmackie.edu
410496,www.bryantstratton.edu
410502,www.aicdc.artinstitutes.edu
410520,sagecollege.edu
410539,www.anthem.edu
412599,www.remingtoncollege.edu/memphis-tennessee-career-colleges-overview
413413,www.capella.edu
413617,www.menominee.edu
413626,www.lltc.edu
413839,www.itt-tech.edu
413848,www.itt-tech.edu
413857,www.itt-tech.edu
413866,www.itt-tech.edu
413884,www.itt-tech.edu
414160,www.baker.edu
414531,www.itt-tech.edu
414568,www.itt-tech.edu
414586,www.itt-tech.edu
414595,www.pacificcollege.edu
414708,www.baker.edu
414823,www.jwu.edu
414841,www.itt-tech.edu
414878,www.trine.edu
414911,www.pennhighlands.edu
416962,www.phoenix.edu
417318,www.cbt.edu
417327,www.citycollege.edu
417734,www.southeastmissourihospitalcollege.edu
418126,www.nycollege.edu
418870,www.fortis.edu
418889,www.nci.edu
419457,www.argosy.edu/washingtondc
419509,www.phoenix.edu
420006,www.everest.edu/campus/melbourne
420024,www.centuracollege.edu
420042,www.phoenix.edu
420103,www.steinered.com/
420307,www.vc.edu
420316,www.vc.edu
420398,www.alamo.edu/nvc/
420404,www.itt-tech.edu
420431,www.oftc.edu
420440,www.yccc.edu
420495,www.sanfordbrown.edu/atlanta
420501,www.sbcleveland.com
420538,www.asumh.edu
420556,www.cgcc.cc.or.us
420723,www.tbcc.cc.or.us/
421009,www.phoenix.edu/
421018,www.phoenix.edu
421513,www.brownmackie.edu
421708,www.arizonacollege.edu
421832,higherdigitaleducation.com
421878,www.eicollege.edu
422020,www.sjvc.edu
422695,pacific-college.com
423652,www.oregoncoastcc.org
423980,www.chefs.edu/los-angeles/
426314,www.erau.edu
427663,www.itt-tech.edu
427973,www.aviation.edu/aim-chesapeake/default.aspx
427982,www.centura.edu
428170,www.sec.edu/
428268,www.argosy.edu/tampa
428286,www.ilia.aii.edu
428329,www.crbc.edu
428392,https://www.klamathcc.edu
428444,www.artinstitutes.edu/phoenix/
429128,www.urbancollege.edu
429599,www.itt-tech.edu
430050,www.anthem.edu
430087,www.coloradotech.edu/denver
430148,www.heald.edu
430157,www.golfacademy.edu
430166,www.golfacademy.edu
430184,www.strayer.edu/maryland/prince-georges
430263,www.itt-tech.edu
430351,www.itt-tech.edu
430360,www.itt-tech.edu
430379,www.itt-tech.edu
430388,www.itt-tech.edu
430485,www.creativecenter.edu
430795,www.carvercareercenter.net/
430810,www.nhia.edu
431141,www.it-colleges.edu
431886,www.kaplancollege.com/west-san-antonio-tx/
432223,www.phoenix.edu
432232,www.phoenix.edu
432241,www.phoenix.edu
432302,www.kaplancollege.com/riverside-ca/
432384,www.plattcollege.edu
432524,www.dcad.edu
432533,www.artinstitutes.edu/los-angeles/
433004,www.auhs.edu
433013,www.cnicollege.edu
433174,www.carolinascollege.edu
433387,www.wgu.edu
433420,www.sbbcollege.edu
433536,www.herzing.edu
433563,spencerian.edu/lexington/index.asp
433660,www.fgcu.edu
434016,www.littlepriest.edu
434034,www.nlc.edu
434052,www.itt-tech.edu
434061,www.solacc.edu/
434140,pmi.edu
434159,www.lincolnedu.com
434414,www.mji.edu
434539,www.citycollege.edu
434548,www.itt-tech.edu
434557,www.itt-tech.edu
434566,www.itt-tech.edu
434575,www.itt-tech.edu
434584,www.ilisagvik.edu
434672,www.ccbcmd.edu
434690,www.golfacademy.edu
434751,www.wetcc.edu
434821,www.bluecliffcollege.com
434946,www.phoenix.edu
434955,www.phoenix.edu
434964,www.phoenix.edu
434973,www.phoenix.edu
434982,www.phoenix.edu
434991,www.phoenix.edu
436094,www.argosy.edu/phoenix/
436182,www.vatterott.edu
436191,www.vatterott.edu
436225,www.anthem.edu
436304,www.rpcc.edu
436429,www.lafilm.edu
436438,www.argosy.edu/orangecounty
436483,www.national.edu/locations/minnesota/bloomington
436702,www.ptcc.edu/
437042,www.itt-tech.edu
437051,www.itt-tech.edu
437060,www.vatterott.edu
437097,www.umtweb.edu
437103,www.mybrcc.edu
437219,www.itt-tech.edu
437732,www.dni.edu
437750,www.golfcollege.edu
437769,chestercareercollege.edu/
437848,www.westwood.edu
437936,www.carrington.edu
438151,www.stevenshenager.edu
438179,www.brooklinecollege.edu
438212,www.mccann.edu
438258,www.carrington.edu
438285,www.steinered.com/
438294,www.steinered.com/
438382,www.phoenix.edu
438416,www.phoenix.edu
438498,www.stratford.edu
438586,www.aiuniv.edu/atlanta
438601,www.aiuniv.edu/south-florida
438610,www.phoenix.edu
438629,www.phoenix.edu
438647,www.everest.edu/campus/chesapeake
438708,www.eastern.wvnet.edu
438869,www.remingtoncollege.edu/little-rock-arkansas-technical-colleges
438902,www.everest.edu/campus/jacksonville
439057,www.argosy.edu/seattle
439118,www.carrington.edu
439127,www.tsb.edu/friendswood-tx/
439136,www.itt-tech.edu
439145,www.pierce.ctc.edu/
439190,www.cascadia.edu
439279,www.phoenix.edu
439288,www.jwu.edu
439297,www.phoenix.edu
439367,www.cbd.edu
439437,www.lincolntech.com
439455,www.atsinstitute.edu/
439482,www.bluecliffcollege.com
439525,www.cfi.edu
439570,www.communitycarecollege.edu
439613,www.crossroads.edu
439701,www.kingsuniversity.edu
439738,www.fortis.edu
439792,fortis.edu
439826,www.bryancollege.edu
440110,www.anthem.edu
440129,https://www.anthem.edu
440147,www.westwood.edu
440271,www.remingtoncollege.edu/baton-rouge-career-college
440299,www.everest.edu/campus/ontario_metro
440323,www.kaplancollege.com/beaumont-tx/
440332,www.kaplancollege.com/laredo-tx/
440341,www.aiw.aii.edu
440402,www.asun.edu
440420,www.phoenix.edu
440439,www.phoenix.edu
440448,www.phoenix.edu
440457,www.phoenix.edu
440466,www.phoenix.edu
440484,www.westwood.edu
440642,www.itt-tech.edu
440749,www.national.edu/locations/south-dakota/ellsworth-afb
440758,www.national.edu/locations/new-mexico/rio-rancho
440767,www.national.edu/locations/minnesota/brooklyn-center
440794,www.pillar.edu
440873,www.vatterott.edu
440882,www.vatterott.edu
440891,www.vatterott.edu
440925,www.iadt.edu
441025,miller-motte.edu
441052,americancareercollege.edu/
441070,www.sagchip.edu
441089,www.wyotech.edu/campus/blairsville
441201,www.miamijacobs.edu
441487,www.texascountytech.edu
441502,bluecliffcollege.com
441511,www.apexsot.edu
441636,www.aiam.edu
441760,www.lit.edu
441858,www.careertrainingsolutions.edu
441900,nsc.edu
441919,www.vc.edu
441928,vc.edu
441937,www.csuci.edu
441955,www.itt-tech.edu
441964,www.itt-tech.edu
441973,www.aicaoc.artinstitutes.edu
441982,www.olin.edu
442037,www.lincolntech.com
442046,www.lincolntech.com
442143,www.phoenix.edu
442152,www.phoenix.edu
442161,www.phoenix.edu
442170,www.phoenix.edu
442189,www.phoenix.edu
442231,www.chefs.edu/orlando/
442338,www.itt-tech.edu
442347,www.itt-tech.edu
442356,https://www.pacollege.edu/
442383,www.wvjc.edu
442408,www.vatterott.edu
442426,www.slchc.com
442444,sjvc.edu
442569,www.grantham.edu/
442578,www.msbcollege.edu/
442602,www.carrington.edu
442718,www.national.edu/locations/kansas/overland-park
442745,www.fortis.edu
442781,www.tocc.edu
442790,www.everest.edu/campus/dallas
442879,swiha.edu
442930,www.uav.edu/index.aspx?page=288
443049,www.faithseminary.edu
443270,www.sec.edu/
443331,westcoastuniversity.edu/campuses/los-angeles.html
443340,www.williamsoncc.edu
443377,www.triangle-tech.edu
443410,www.digipen.edu
443438,www.fortis.edu
443474,www.phoenix.edu
443492,www.pierpont.edu/
443526,www.itt-tech.edu
443535,www.itt-tech.edu
443544,www.phoenix.edu
443623,www.chefs.edu/atlanta
443650,www.miller-motte.edu
443687,www.westwood.edu
443739,www.anthem.edu
443766,www.strayer.edu/tennessee/thousand-oaks
443784,www.strayer.edu/pennsylvania/lower-bucks-county
443827,www.kaplancollege.com/brownsville-tx/
443836,www.kaplancollege.com/corpus-christi-tx/
443854,www.everest.edu/campus/arlington_mid_cities_
443881,www.phoenix.edu
443890,www.phoenix.edu
443924,www.phoenix.edu
444088,www.brooklinecollege.edu
444158,www.coloradotech.edu/ctu-online
444167,www.baker.edu
444219,www.flc.losrios.edu/
444255,www.daymarinstitute.edu/colleges/murfreesboro-tennessee
444343,www.advancedcollege.edu
444389,www.anamarc.edu
444398,www.bua.edu
444413,
444565,www.culinaryinstitute.edu
444574,www.dademedical.edu/index.html
444778,www.nlts.edu
444927,www.artinstitutes.edu/tucson
444954,www.mctc.edu
444972,www.centuracollege.edu
445018,www.kvctc.edu
445027,www.aiuniv.edu
445072,www.westwood.edu
445081,www.itt-tech.edu
445090,www.vc.edu
445115,www.chefs.edu/las-vegas
445124,www.iadtdetroit.com
445133,www.houston.aiuniv.edu
445188,www.ucmerced.edu
445197,www.everest.edu/campus/ft_worth
445203,www.remingtoncollege.edu/north-houston-texas-colleges
445230,pmi.edu
445249,www.remingtoncollege.edu/nashville-tennessee-career-colleges-overview
445258,www.plattcolleges.edu
445276,www.westwood.edu
445300,www.phoenix.edu
445319,www.phoenix.edu
445328,www.kaplancollege.com/fort-worth-tx/
445346,www.kaplancollege.com/lubbock-tx/
445391,www.phoenix.edu/
445434,www.everest.edu/campus/orange_park
445470,www.everest.edu/campus/tysons_corner
445559,www.vatterott.edu
445601,www.anthem.edu
445610,www.anthem.edu
445674,www.bridgemont.edu
445692,www.neumont.edu/
445708,www.jwu.edu/
445717,www.phoenix.edu
445726,www.lecoleculinaire.com
445753,www.fortis.edu
445762,www.aviationmaintenance.edu
445814,heritage-education.com
445920,www.msbcollege.edu/
445939,www.msbcollege.edu/
446048,www.avemaria.edu
446093,www.cambridge.edu
446233,www.ecollege.edu/
446385,www.lama.edu
446552,www.southerntech.edu
446604,utamesivta.org
446640,www.harrisburgu.edu
446668,www.artinstitutes.edu/cincinnati
446677,www.stevenshenager.edu/
446738,www.phoenix.edu
446747,www.phoenix.edu
446756,www.phoenix.edu
446765,www.phoenix.edu
446774,www.blueridgectc.edu/
446792,www.iadtvegas.com
446808,www.iadt.edu/seattle
446835,www.chefs.edu/miami
446844,www.chefs.edu/minneapolis-st-paul
446880,www.careertc.edu
446899,www.itt-tech.edu
446905,www.itt-tech.edu
446914,www.itt-tech.edu
446923,www.itt-tech.edu
447014,daytonacollege.edu
447050,www.usuniversity.edu
447069,www.westwood.edu
447102,www.kaplancollege.com/bakersfield-ca/
447120,www.kaplancollege.com/fresno-ca/
447263,www.ameritech.edu
447272,www.argosy.edu/losangeles
447290,www.brownmackie.edu
447351,www.sjvc.edu
447360,www.fortiscollege.edu
447379,www.plattcolleges.edu
447421,www.eaglegatecollege.edu
447458,www.expression.edu
447582,www.newriver.edu
447625,eaglegatecollege.edu
447634,www.kaplancollege.com/palm-springs-ca/
447670,www.msbcollege.edu/
447689,www.ggc.edu
447768,www.americancareercollege.edu
447847,www.aviator.edu
447935,www.ata.edu
447953,www.sum.edu
448309,www.shorter.edu/capp/
448345,www.aii.edu/indianapolis
448354,www.eicollege.edu
448372,www.sjvc.edu
448415,www.medtech.edu/
448442,www.itt-tech.edu
448451,www.itt-tech.edu
448460,www.itt-tech.edu
448479,www.itt-tech.edu
448488,www.itt-tech.edu
448497,www.itt-tech.edu
448503,www.itt-tech.edu
448512,www.itt-tech.edu
448576,www.artinstitutes.edu/inlandempire
448585,www.national.edu/locations/missouri/zona-rosa
448594,www.westhillscollege.com
448600,www.learnwhatyoulove.com
448628,www.westwood.edu
448664,miller-motte.edu
448673,rasmussen.edu
448734,www.argosy.edu/denver/
448761,www.collegeamerica.edu
448840,www.usfsp.edu
448859,www.triangle-tech.edu
449010,www.artinstitutes.edu/nashville/
449038,www.strayer.edu/florida/tampa-westshore
449074,pmi.edu
449083,www.cbt.edu
449092,www.cbt.edu
449117,www.miller-motte.edu
449126,www.miamijacobs.edu
449524,taylorcollege.edu
449612,www.lci.edu
449658,
449764,www.visible.edu
449870,www.uwest.edu
449898,www.southuniversity.edu
450003,www.miamijacobs.edu
450049,www.artinstitutes.edu/saltlakecity/
450058,www.fortiscollege.edu
450067,www.fortiscollege.edu
450085,www.artinstitutes.edu/charleston
450094,www.artinstitutes.edu/sacramento/
450128,bluecliffcollege.com
450155,www.anthem.edu
450191,www.vc.edu/college/biloxi-colleges-mississippi.cfm
450207,www.itt-tech.edu
450216,www.itt-tech.edu
450225,www.itt-tech.edu
450234,www.itt-tech.edu
450243,www.itt-tech.edu
450252,www.itt-tech.edu
450261,www.itt-tech.edu
450270,www.itt-tech.edu
450289,www.vc.edu/college/chattanooga-colleges-tennessee.cfm
450298,www.strayer.edu/delaware/christiana
450377,www.strayer.edu/alabama/birmingham
450401,www.clarysagecollege.com
450429,www.broadviewuniversity.edu/
450447,www.iadtsacramento.com
450465,www.iadtsanantonio.com
450526,www.argosy.edu/inlandempire
450535,www.argosy.edu/nashville/
450571,rasmussen.edu
450696,www.carrington.edu
450702,www.carrington.edu
450933,www.columbiasouthern.edu
451060,www.dmac.edu
451404,
451556,southwestuniversity.edu
451662,www.aionline.edu/
451671,www.usfsm.edu/
451699,www.brownmackie.edu
451750,www.bryantstratton.edu
451769,www.msbcollege.edu/
451796,www.artinstitutes.edu/detroit/
451820,www.artinstitutes.edu/austin/
451848,www.artinstitutes.edu/silicon-valley/
451875,www.national.edu/locations/texas/austin
451936,www.itt-tech.edu
451945,www.itt-tech.edu
451954,www.itt-tech.edu
451963,www.itt-tech.edu
451972,www.itt-tech.edu
451981,www.itt-tech.edu
451990,www.itt-tech.edu
452018,www.artinstitutes.edu/kansascity/
452027,www.artinstitutes.edu/raleigh-durham
452063,www.chefs.edu/dallas
452115,vc.edu
452373,www.beckfield.edu
453109,www.pcitraining.edu
453127,www.strayer.edu/kentucky/lexington
453163,www.strayer.edu/north-carolina/rtp
453215,www.strayer.edu/campus/cherry-hill
453455,www.national-college.edu
453464,www.national-college.edu/locations/youngstown-oh/
453473,www.national-college.edu
453482,www.national-college.edu/locations/akron-oh/
453747,www.ohiobusinesscollege.edu
454184,www.tkc.edu
454227,www.chamberlain.edu
454236,www.chamberlain.edu
454245,www.chamberlain.edu
454458,www.bryanu.edu
454591,www.broadviewuniversity.edu/
454616,www.ipr.edu
454625,vc.edu
454740,www.ipsb.edu
454856,www.denverschoolofnursing.edu/
454883,www.alliedhealthinstitute.edu
455114,cwidaho.cc/
455257,
455390,www.global.edu
455479,www.fortisedu.info/cig-pensacola.php
455488,www.fortiscollege.edu
455512,wcc.yccd.edu
455585,www.msbcollege.edu/
455600,www.brownmackie.edu/
455619,www.brownmackie.edu
455646,www.daymarcollege.edu
455655,www.miller-motte.edu
455673,www.metrobusinesscollege.edu
455716,www.vc.edu/college/jacksonville-colleges.cfm
455983,www.ccdc.edu
456010,www.artinstitutes.edu/washington-dulles
456056,www.vc.edu/charleston
456205,www.miller-motte.edu
456296,www.iadt.edu/online
456393,www.itt-tech.edu
456409,www.itt-tech.edu
456418,www.itt-tech.edu
456427,www.itt-tech.edu
456445,www.itt-tech.edu
456490,www.pupr.edu/
456612,www.brownmackie.edu
456667,www.strayer.edu/ohio/mason
456782,www.msbcollege.edu/
456791,www.brownmackie.edu
456807,www.globeuniversity.edu/gunetpricecalculator/npcalc.htm
456816,www.globeuniversity.edu/
456834,www.globeuniversity.edu/
457022,www.herzing.edu/
457101,www.carrington.edu
457484,hawaii.newhope.edu/
457688,abtu.edu
458210,westcoastuniversity.edu/campuses/orange-county.html
458229,westcoastuniversity.edu/campuses/ontario.html
458256,www.vc.edu/campus/augusta-georgia-college.cfm
458432,harrison.edu
458502,www.bryantstratton.edu
458557,www.daymarcollege.edu/
458733,www.globeuniversity.edu/
458742,www.msbcollege.edu/
458760,https://www.globeuniversity.edu/
458779,www.globeuniversity.edu/
458919,www.strayer.edu/georgia/chamblee
458964,www.strayer.edu/south-carolina/greenville
458973,www.strayer.edu/texas/north-austin
458991,www.globeuniversity.edu/
459204,unitekcollege.edu/
459356,www.solex.edu/
459675,www.itt-tech.edu
459693,www.itt-tech.edu
459709,www.itt-tech.edu
459718,www.itt-tech.edu
459727,www.tuw.edu
459815,www.anamarc.edu
459842,www.herzing.edu/
459994,www.strayer.edu
460394,www.mvc.edu/
460464,www.rcc.edu/norco/index.cfm
460747,www.tfa.edu
461032,ccbs.edu
461236,www.gcuniv.edu
461315,www.kbocc.org
461528,www.gcd.edu
462354,www.jpcatholic.com/
466921,www.chamberlain.edu
474881,www.mediainstitute.edu/minneapolis
475291,www.browncollege.edu/
