universityid,city
100654,Normal
100663,Birmingham
100690,Montgomery
100706,Huntsville
100724,Montgomery
100751,Tuscaloosa
100760,Alexander City
100830,Montgomery
100858,Auburn University
100937,Birmingham
101028,Phenix City
101073,Selma
101116,Montgomery
101143,Enterprise
101161,Bay Minette
101189,Montgomery
101240,Gadsden
101286,Dothan
101295,Hanceville
101301,Selma
101365,Birmingham
101435,Montgomery
101462,Huntsville
101480,Jacksonville
101499,Brewton
101505,Birmingham
101514,Tanner
101541,Marion
101569,Birmingham
101587,Livingston
101602,Andalusia
101648,Marion
101675,Fairfield
101693,Mobile
101709,Montevallo
101736,Muscle Shoals
101879,Florence
101897,Rainsville
101912,Huntsville
101949,Monroeville
101958,Montgomery
101994,Evergreen
102030,Mobile
102049,Birmingham
102058,Selma
102067,Tuscaloosa
102076,Boaz
102094,Mobile
102234,Mobile
102261,Birmingham
102270,Tuscaloosa
102298,Talladega
102313,Montgomery
102368,Troy
102377,Tuskegee
102429,Jasper
102553,Anchorage
102614,Fairbanks
102632,Juneau
102669,Anchorage
102845,Anchorage
103361,Valdez
103644,Phoenix
103893,Phoenix
103909,Mesa
103927,Tucson
103945,Flagstaff
104090,Phoenix
104151,Tempe
104160,Yuma
104179,Tucson
104188,Tucson
104346,Coolidge
104364,Tucson
104425,Douglas
104577,Thatcher
104586,Prescott
104708,Glendale
104717,Phoenix
104805,Phoenix
105118,Phoenix
105145,Phoenix
105154,Mesa
105163,Tucson
105172,Tempe
105206,Kingman
105297,Tsaile
105330,Flagstaff
105349,Holbrook
105428,Phoenix
105516,Tempe
105525,Tucson
105534,Tucson
105543,Albuquerque
105589,Prescott
105659,Phoenix
105668,Tempe
105747,Scottsdale
105792,Phoenix
105899,Phoenix
106041,Avondale
106102,Tempe
106148,Prescott
106245,Little Rock
106306,Little Rock
106342,Batesville
106397,Fayetteville
106412,Pine Bluff
106449,Beebe
106458,Jonesboro
106467,Russellville
106485,Monticello
106625,Pocahontas
106704,Conway
106713,Conway
106795,De Queen
106810,Paragould
106883,Forrest City
106980,Hot Springs
106999,Batesville
107044,Searcy
107071,Arkadelphia
107080,Conway
107141,Siloam Springs
107318,West Memphis
107327,Blytheville
107460,Harrison
107512,Arkadelphia
107521,Malvern
107549,Melbourne
107558,Clarksville
107585,Morrilton
107600,Little Rock
107619,Helena
107637,Pine Bluff
107664,North Little Rock
107725,Hope
107743,Mena
107877,Walnut Ridge
107974,El Dorado
107983,Magnolia
107992,Camden
108092,Fort Smith
108232,San Francisco
108250,Rancho Cordova
108667,Alameda
108807,Santa Maria
108852,Los Angeles
109040,Los Angeles
109208,Sacramento
109350,Lancaster
109651,Pasadena
109785,Azusa
109819,Bakersfield
109907,Barstow
110060,Anaheim
110097,La Mirada
110185,Santa Barbara
110219,Los Angeles
110246,Oroville
110334,Aptos
110361,Riverside
110370,San Francisco
110404,Pasadena
110413,Thousand Oaks
110422,San Luis Obispo
110468,San Diego
110486,Bakersfield
110495,Turlock
110510,San Bernardino
110529,Pomona
110538,Chico
110547,Carson
110556,Fresno
110565,Fullerton
110574,Hayward
110583,Long Beach
110592,Los Angeles
110608,Northridge
110617,Sacramento
110635,Berkeley
110644,Davis
110653,Irvine
110662,Los Angeles
110671,Riverside
110680,La Jolla
110705,Santa Barbara
110714,Santa Cruz
110945,San Diego
111009,San Francisco
111081,Valencia
111188,Vallejo
111434,Redwood City
111461,Santa Clarita
111638,Van Nuys
111887,Norwalk
111896,Ridgecrest
111920,Hayward
111939,Rancho Cucamonga
111948,Orange
111966,Los Angeles
112075,Irvine
112084,El Cajon
112172,Glendora
112190,San Francisco
112260,Claremont
112385,Fountain Valley
112394,Sunnyvale
112446,San Diego
112561,Sonora
112570,Tarzana
112686,Compton
112826,San Pablo
113096,Sacramento
113111,Yucaipa
113193,San Luis Obispo
113218,El Cajon
113236,Cypress
113333,Cupertino
113573,Palm Desert
113582,San Diego
113634,Pleasant Hill
113698,San Rafael
113856,Monterey Park
113980,Torrance
114123,Santa Rosa
114266,San Jose
114354,Los Angeles
114390,San Francisco
114415,Irvine
114433,Quincy
114716,Los Altos Hills
114789,Fresno
114813,Fresno
114859,Fullerton
114938,Gilroy
115001,Glendale
115126,Huntington Beach
115296,El Cajon
115393,Salinas
115409,Claremont
115454,Rancho Cordova
115472,Fresno
115490,Milpitas
115515,San Francisco
115533,Concord
115728,Oakland
115755,Arcata
115773,Stockton
115861,Imperial
116439,Irvine
116466,National City
116475,San Dimas
116484,Orange
116846,Los Angeles
117052,Reedley
117104,San Dimas
117113,San Diego
117140,La Verne
117168,Laguna Beach
117195,South Lake Tahoe
117247,Oakland
117274,Susanville
117557,Oakland
117627,Riverside
117645,Long Beach
117690,Wilmington
117706,Woodland Hills
117715,Los Angeles
117724,Los Angeles
117733,Valley Glen
117751,Santa Clarita
117788,Los Angeles
117867,Sylmar
117894,Pittsburg
117928,San Francisco
117946,Los Angeles
118198,Sacramento
118259,Sacramento
118277,San Diego
118286,Vista
118347,Kentfield
118541,Rancho Palos Verdes
118684,Ukiah
118693,Atherton
118718,Merced
118772,Oakland
118888,Oakland
118912,Oceanside
118930,Santa Clara
118976,Modesto
119067,Monterey
119137,Moorpark
119164,Walnut
119173,Los Angeles
119216,San Jacinto
119270,Hollywood
119331,Napa
119359,Reseda
119508,San Bernardino
119544,San Jose
119605,La Jolla
119775,San Diego
120184,Belmont
120254,Los Angeles
120290,Fremont
120342,Costa Mesa
120403,Los Angeles
120421,Oxnard
120537,Fullerton
120661,San Diego
120865,Angwin
120883,Stockton
120953,Blythe
120971,San Marcos
121044,Pasadena
121150,Malibu
121257,Claremont
121275,San Diego
121309,San Diego
121345,Claremont
121363,Porterville
121381,Torrance
121619,Santa Ana
121691,Redlands
121707,Eureka
121886,Whittier
121901,Riverside
122180,Sacramento
122205,Mission Viejo
122339,San Diego
122366,Carlsbad
122375,San Diego
122384,San Diego
122409,San Diego
122436,San Diego
122454,San Francisco
122506,San Francisco
122597,San Francisco
122612,San Francisco
122658,Stockton
122685,Visalia
122694,Bakersfield
122728,Rocklin
122746,San Jose
122755,San Jose
122791,San Mateo
122834,Bakersfield
122843,Los Angeles
122852,Santa Maria
122889,Santa Barbara
122931,Santa Clara
122977,Santa Monica
123013,Santa Rosa
123165,Claremont
123208,Fremont
123217,Visalia
123299,Redding
123341,Rocklin
123457,Redding
123484,Weed
123509,San Bruno
123527,San Bernardino
123554,Moraga
123563,Fairfield
123572,Rohnert Park
123642,Orange
123651,Costa Mesa
123679,Garden Grove
123800,Chula Vista
123952,Los Angeles
123961,Los Angeles
124113,Taft
124292,Santa Paula
124487,Sacramento
124681,Huntington Park
124706,San Bernardino
124937,North Hollywood
125028,Ventura
125091,Victorville
125170,Berkeley
125231,Minneapolis
125462,Coalinga
125471,Culver City
125499,Saratoga
125532,Sacramento
125727,Santa Barbara
125763,Whittier
125897,Burbank
126076,Los Angeles
126119,Marysville
126182,Alamosa
126207,Greeley
126289,Littleton
126359,Denver
126401,Colorado Springs
126562,Denver
126580,Colorado Springs
126605,Broomfield
126614,Boulder
126669,Lakewood
126678,Colorado Springs
126687,Aurora
126702,Denver
126711,Glenwood Springs
126748,Rangely
126775,Golden
126784,Lakewood
126818,Fort Collins
126827,Colorado Springs
126863,Aurora
126872,Denver
126924,Westminster
126942,Denver
126951,Denver
127024,Denver
127060,Denver
127185,Durango
127200,Westminster
127389,Lamar
127556,Grand Junction
127565,Denver
127617,Fort  Morgan
127653,Boulder
127680,Colorado Springs
127699,Denver
127714,Colorado Springs
127732,Sterling
127741,Greeley
127778,La Junta
127787,Thornton
127820,Colorado Springs
127839,Colorado Springs
127884,Pueblo
127909,Lakewood
127918,Denver
127945,Lakewood
128106,Pueblo
128179,Colorado Springs
128188,Grand Junction
128258,Trinidad
128391,Gunnison
128498,New Haven
128577,Enfield
128683,Southington
128744,Bridgeport
128771,New Britain
128902,New London
129020,Storrs
129154,East Hartford
129215,Willimantic
129242,Fairfield
129367,Hartford
129525,West Hartford
129543,Bridgeport
129695,Manchester
129729,Waterbury
129756,Middletown
129774,New London
129808,Norwich
129941,West Haven
130004,Norwalk
130040,Winsted
130110,Hamden
130183,Waterbury
130217,Danielson
130226,Hamden
130253,Fairfield
130314,West Hartford
130396,New Haven
130448,Bridgeport
130493,New Haven
130590,Hartford
130606,Farmington
130697,Middletown
130776,Danbury
130794,New Haven
130891,Georgetown
130907,Dover
130916,Wilmington
130934,Dover
130943,Newark
130989,Wilmington
131098,Dover
131113,New Castle
131159,Washington
131283,Washington
131308,Washington
131399,Washington
131450,Washington
131469,Washington
131496,Washington
131520,Washington
131742,Falls Church
131803,Washington
131876,Washington
132338,Fort Lauderdale
132408,Graceville
132471,Miami
132602,Daytona Beach
132657,Boca Raton
132693,Cocoa
132709,Fort Lauderdale
132806,Winter Park
132842,Miami
132851,Ocala
132879,Kissimmee
132903,Orlando
133021,Marianna
133085,Clearwater
133386,Daytona Beach
133465,Royal Palm Beach
133492,Saint Petersburg
133508,Fort Myers
133526,Jacksonville
133553,Daytona Beach
133650,Tallahassee
133669,Boca Raton
133702,Jacksonville
133711,Saint Augustine
133809,Temple Terrace
133845,Jacksonville
133854,Miramar
133863,Tampa
133872,Orlando
133881,Melbourne
133951,Miami
133960,Key West
133979,Miami Gardens
133997,Miami
134079,Lakeland
134097,Tallahassee
134112,Orlando
134121,Jacksonville
134130,Gainesville
134149,Pompano Beach
134237,Winter Park
134343,Panama City
134495,Tampa
134510,Hobe Sound
134608,Fort Pierce
134680,Tampa
134811,Miami
134909,Tampa
134945,Jacksonville
135063,Jacksonville
135081,Fort Lauderdale
135124,Fort Myers
135160,Lake City
135188,Leesburg
135364,Lithonia
135391,Bradenton
135717,Miami
135726,Coral Gables
135939,Tampa
135957,Miami
136066,West Palm Beach
136145,Madison
136172,Jacksonville
136206,West Palm Beach
136215,Fort Lauderdale
136233,Niceville
136288,Orlando
136330,West Palm Beach
136358,Lake Worth
136400,New Port Richey
136473,Pensacola
136516,Winter Haven
136774,Sarasota
136950,Winter Park
137032,Saint Leo
137078,Clearwater
137096,Gainesville
137148,Sarasota
137209,Sanford
137281,Palatka
137315,Avon Park
137351,Tampa
137476,Miami Gardens
137546,DeLand
137564,Lakeland
137759,Tallahassee
137801,Tampa
137810,Largo
137847,Tampa
137953,Jacksonville
137962,Trinity
138187,Orlando
138275,Lake Wales
138293,Babson Park
138309,Ocala
138354,Pensacola
138558,Tifton
138600,Decatur
138655,Chamblee
138682,Albany
138691,Albany
138716,Albany
138761,Cuthbert
138789,Savannah
138813,Atlanta
138840,Atlanta
138868,West Point
138901,Atlanta
138947,Atlanta
138956,Augusta
139010,Bainbridge
139074,Atlanta
139144,Mount Berry
139153,Atlanta
139199,Gainesville
139205,Mount Vernon
139214,Atlanta
139250,Brunswick
139278,Waco
139287,Atlanta
139311,Morrow
139357,Columbus
139366,Columbus
139384,Rome
139393,Lookout Mountain
139463,Dalton
139579,Savannah
139621,Swainsboro
139630,Franklin Springs
139658,Atlanta
139700,Rome
139719,Fort Valley
139755,Atlanta
139764,Americus
139861,Milledgeville
139904,Milledgeville
139931,Statesboro
139940,Atlanta
139959,Athens
139968,Barnesville
139986,Griffin
139995,Decatur
140003,Lilburn
140012,Lawrenceville
140164,Kennesaw
140234,Lagrange
140243,Oakwood
140252,Marietta
140331,Marietta
140340,Atlanta
140447,Macon
140553,Atlanta
140599,Moultrie
140678,Clarkesville
140696,Atlanta
140720,Augusta
140818,Demorest
140872,Waleska
140942,Savannah
140951,Savannah
140960,Savannah
140988,Rome
141006,Americus
141060,Atlanta
141097,Marietta
141158,Thomasville
141167,Thomasville
141185,Toccoa Falls
141237,Cleveland
141255,Valdosta
141264,Valdosta
141325,Macon
141334,Carrollton
141361,Young Harris
141468,Honolulu
141486,Honolulu
141565,Hilo
141574,Honolulu
141644,Honolulu
141680,Honolulu
141796,Honolulu
141802,Lihue
141811,Pearl City
141839,Kahului
141981,Kapolei
141990,Kaneohe
142054,Boise
142090,Boise
142115,Boise
142179,Idaho Falls
142276,Pocatello
142285,Moscow
142294,Caldwell
142328,Lewiston
142337,Boise
142443,Coeur d'Alene
142461,Nampa
142522,Rexburg
142559,Twin Falls
142887,Chicago
143048,Chicago
143084,Rock Island
143118,Aurora
143215,Belleville
143279,Moline
143288,Carlinville
143358,Peoria
143613,Galesburg
144005,Chicago
144050,Chicago
144157,Chicago
144166,Chicago
144175,Chicago
144184,Chicago
144193,Chicago
144209,Chicago
144218,Chicago
144281,Chicago
144351,River Forest
144467,Chicago
144485,Chicago
144564,Danville
144740,Chicago
144865,Glen Ellyn
144883,Chicago
144892,Charleston
144944,Elgin
144962,Elmhurst
144971,Eureka
145239,Bedford Park
145372,Greenville
145460,Chicago
145497,Skokie
145521,Freeport
145600,Chicago
145619,Lisle
145637,Champaign
145646,Bloomington
145682,East Peoria
145691,Jacksonville
145707,Olney
145725,Chicago
145770,Chicago
145813,Normal
145831,Oglesby
146010,Chicago
146205,Carterville
146278,Quincy
146296,Joliet
146339,Elgin
146348,Kankakee
146366,Centralia
146393,Chicago
146418,Malta
146427,Galesburg
146472,Grayslake
146481,Lake Forest
146506,Mattoon
146603,Godfrey
146612,Romeoville
146667,Lincoln
146676,Lincoln
146685,Springfield
146700,Melrose Park
146719,Chicago
146755,Rock Island
146816,Chicago
146825,Jacksonville
147004,Crystal Lake
147013,Lebanon
147129,Peoria
147165,Peoria
147244,Decatur
147341,Monmouth
147369,Chicago
147378,Palos Hills
147396,Morrison
147411,Cicero
147536,Chicago
147660,Naperville
147679,Chicago
147703,Dekalb
147749,Chicago
147767,Evanston
147776,Chicago
147800,Des Plaines
147828,Bourbonnais
147916,Champaign
148007,Chicago Heights
148131,Quincy
148140,Quincy
148177,Chicago
148256,Ina
148292,Decatur
148335,Chicago
148380,Rockford
148399,Rockford
148405,Rockford
148487,Chicago
148496,River Forest
148584,Joliet
148627,Chicago
148654,Springfield
148672,Dixon
148821,Ullin
148849,Chicago
148876,Chicago
148937,Harrisburg
148991,Canton
149222,Carbondale
149231,Edwardsville
149310,Chicago
149365,South Holland
149505,Palos Heights
149514,Deerfield
149532,River Grove
149639,Chicago
149727,Sugar Grove
149772,Macomb
149781,Wheaton
149842,Palatine
150048,Donaldson
150066,Anderson
150136,Muncie
150145,Mishawaka
150163,Indianapolis
150172,Whiting
150251,Hobart
150400,Greencastle
150455,Richmond
150534,Evansville
150604,Franklin
150668,Goshen
150677,Winona Lake
150756,Hanover
150774,Notre Dame
150941,Huntington
150987,Indianapolis
151102,Fort Wayne
151111,Indianapolis
151166,Indianapolis
151263,Indianapolis
151290,Fort Wayne
151306,Evansville
151324,Terre Haute
151333,Kokomo
151342,South Bend
151351,Bloomington
151360,Gary
151379,New Albany
151388,Richmond
151458,Fort Wayne
151467,Indianapolis
151494,Nashville
151500,Fort Wayne
151519,Indianapolis
151616,Merrillville
151625,Michigan City
151661,Indianapolis
151777,North Manchester
151786,Indianapolis
151801,Marion
151810,Indianapolis
151944,South Bend
152080,Notre Dame
152099,Oakland City
152248,Hammond
152266,Westville
152318,Terre Haute
152336,Fort Wayne
152363,Rensselaer
152381,Saint Mary of the Woods
152390,Notre Dame
152415,Hammond
152530,Upland
152567,Angola
152600,Valparaiso
152637,Vincennes
152673,Crawfordsville
152798,Waterloo
152822,Des Moines
152992,Sioux City
153001,Storm Lake
153108,Pella
153126,Dubuque
153144,Cedar Rapids
153162,Mount Vernon
153214,Ankeny
153241,Epworth
153250,Sioux Center
153269,Des Moines
153278,Dubuque
153296,Iowa Falls
153302,Dubuque
153311,Davenport
153320,Ankeny
153366,Lamoni
153375,Des Moines
153384,Grinnell
153409,Mason City
153418,Cedar Rapids
153427,Davenport
153445,Waterloo
153472,Ottumwa
153524,Fort Dodge
153533,Estherville
153603,Ames
153621,Mount Pleasant
153630,Council Bluffs
153658,Iowa City
153737,Cedar Rapids
153825,Dubuque
153834,Decorah
153861,Fairfield
153922,Marshalltown
153977,Des Moines
154004,Sioux City
154013,Cedar Rapids
154022,Clinton
154059,Mason City
154095,Cedar Falls
154101,Orange City
154110,Calmar
154129,Sheldon
154235,Davenport
154262,Sioux City
154350,Indianola
154378,West Burlington
154396,Creston
154493,Fayette
154518,Forest City
154527,Waverly
154572,Sioux City
154590,Oskaloosa
154642,Iola
154688,Baldwin City
154697,Great Bend
154712,Atchison
154721,Lindsborg
154749,North Newton
154767,Lenexa
154776,Salina
154794,Topeka
154800,El Dorado
154855,McPherson
154907,Concordia
154925,Coffeyville
154934,Colby
154952,Arkansas City
154998,Dodge City
155007,Kansas City
155025,Emporia
155052,Emporia
155061,Hays
155070,Haviland
155089,Wichita
155098,Fort Scott
155104,Garden City
155140,Lawrence
155177,Hesston
155186,Highland
155195,Hutchinson
155201,Independence
155210,Overland Park
155283,Kansas City
155292,Kansas City
155317,Lawrence
155335,Wichita
155399,Manhattan
155414,Salina
155450,Parsons
155487,Manhattan
155496,Manhattan
155511,McPherson
155520,Olathe
155566,Chanute
155593,Beloit
155618,Goodland
155627,Ottawa
155681,Pittsburg
155715,Pratt
155812,Leavenworth
155830,Salina
155858,Liberal
155900,Winfield
155937,Sterling
155973,Hillsboro
156082,Topeka
156107,Wichita
156125,Wichita
156189,Pippa Passes
156213,Wilmore
156231,Ashland
156286,Louisville
156295,Berea
156338,Bowling Green
156356,Owensboro
156365,Campbellsville
156392,Lexington
156408,Danville
156417,Pineville
156471,Louisville
156541,Williamsburg
156620,Richmond
156648,Elizabethtown
156745,Georgetown
156790,Hazard
156851,Henderson
156860,Hopkinsville
156903,Paducah
156921,Louisville
157021,Lexington
157058,Frankfort
157076,Owensboro
157085,Lexington
157100,Grayson
157216,Columbia
157270,Louisville
157289,Louisville
157304,Madisonville
157331,Maysville
157359,Mayfield
157377,Midway
157386,Morehead
157401,Murray
157438,Florence
157447,Highland Heights
157465,Owensboro
157483,Paducah
157535,Pikeville
157553,Prestonsburg
157599,Louisville
157632,Saint Catharine
157696,Fort Mitchell
157711,Somerset
157739,Cumberland
157757,Louisville
157766,Louisville
157793,Louisville
157809,Crestview Hills
157818,Lexington
157863,Barbourville
157951,Bowling Green
158088,Alexandria
158352,Baton Rouge
158431,Bossier City
158440,New Orleans
158477,Shreveport
158662,New Orleans
158723,Lake Charles
158802,New Orleans
158884,Chalmette
159009,Grambling
159197,Baton Rouge
159382,Alexandria
159391,Baton Rouge
159407,Eunice
159416,Shreveport
159443,Lafayette
159568,Pineville
159647,Ruston
159656,New Orleans
159717,Lake Charles
159939,New Orleans
159966,Thibodaux
159993,Monroe
160010,Minden
160038,Natchitoches
160065,New Orleans
160074,Baton Rouge
160409,St. Benedict
160481,Schriever
160524,Lafayette
160579,Lake Charles
160612,Hammond
160621,Baton Rouge
160630,New Orleans
160649,Shreveport
160658,Lafayette
160667,Bogalusa
160755,New Orleans
160904,New Orleans
160913,Morgan City
160940,S Portland
160959,Bar Harbor
160977,Lewiston
160995,Bangor
161004,Brunswick
161022,Lewiston
161077,Auburn
161086,Waterville
161138,Bangor
161165,Bangor
161192,Fairfield
161217,Augusta
161226,Farmington
161235,Fort Kent
161244,Machias
161253,Orono
161299,Castine
161341,Presque Isle
161457,Biddeford
161484,Presque Isle
161509,Portland
161518,Standish
161545,South Portland
161554,Portland
161563,Waterville
161572,Unity
161581,Calais
161688,Cumberland
161767,Arnold
161776,Towson
161864,Baltimore
161873,Baltimore
162007,Bowie
162061,Laurel
162104,North East
162122,La Plata
162168,Wye Mills
162210,Takoma Park
162283,Baltimore
162557,Frederick
162584,Frostburg
162609,McHenry
162654,Baltimore
162681,Hagerstown
162690,Hagerstown
162706,Bel Air
162760,Frederick
162779,Columbia
162928,Baltimore
163028,Columbia
163046,Baltimore
163204,Adelphi
163268,Baltimore
163286,College Park
163295,Baltimore
163338,Princess Anne
163426,Rockville
163453,Baltimore
163462,Emmitsburg
163532,Baltimore
163578,Baltimore
163657,Largo
163736,Baltimore
163851,Salisbury
163912,St. Mary's City
163921,Baltimore
163976,Annapolis
164058,Beltsville
164076,Towson
164173,Stevenson
164216,Chestertown
164270,Westminster
164313,Salisbury
164447,Springfield
164465,Amherst
164492,Paxton
164562,Worcester
164580,Wellesley
164614,Boston
164632,Longmeadow
164641,Boston
164720,Worcester
164739,Waltham
164748,Boston
164775,Pittsfield
164872,Boston
164924,Chestnut Hill
164933,Boston
164988,Boston
165015,Waltham
165024,Bridgewater
165033,Fall River
165112,Boston
165167,Cambridge
165194,West Barnstable
165264,Milton
165334,Worcester
165529,Milton
165574,Franklin
165644,Quincy
165662,Boston
165671,Boston
165699,Beverly
165802,Boston
165820,Fitchburg
165866,Framingham
165884,Boston
165936,Wenham
165981,Greenfield
166018,Amherst
166027,Cambridge
166124,Worcester
166133,Holyoke
166391,Newton
166407,Medford
166452,Cambridge
166513,Lowell
166601,Swampscott
166629,Amherst
166638,Boston
166647,Wellesley Hills
166656,Boston
166674,Boston
166683,Cambridge
166692,Buzzards Bay
166823,Brockton
166850,North Andover
166887,Bedford
166911,Beverly
166939,South Hadley
166948,Newton
166957,Gardner
166984,Boston
167057,Boston
167251,Brookline
167260,Dudley
167288,North Adams
167312,Danvers
167321,Brookline
167358,Boston
167376,Haverhill
167394,Chicopee
167455,Chestnut Hill
167525,Quincy
167534,Worcester
167598,Weston
167631,Roxbury Crossing
167729,Salem
167738,West Boylston
167783,Boston
167792,Great Barrington
167835,Northampton
167899,Springfield
167905,Springfield
167987,North Dartmouth
167996,Easton
168005,Boston
168148,Medford
168218,Wellesley
168227,Boston
168254,Springfield
168263,Westfield
168281,Norton
168290,Boston
168342,Williamstown
168421,Worcester
168430,Worcester
168528,Adrian
168546,Albion
168591,Alma
168607,Alpena
168740,Berrien Springs
168786,Grand Rapids
168838,Owosso
168847,Flint
168883,Escanaba
169080,Grand Rapids
169248,Mount Pleasant
169275,Flint
169327,Ann Arbor
169363,Ann Arbor
169442,Detroit
169479,Grand Rapids
169521,University Center
169716,Detroit
169798,Ypsilanti
169910,Big Rapids
169974,Centreville
169983,Flint
169992,Ironwood
170000,Wyoming
170037,Grand Rapids
170055,Grand Rapids
170082,Allendale
170091,Lansing
170240,Dearborn
170301,Holland
170417,Wyoming
170444,Jackson
170532,Kalamazoo
170541,Kalamazoo
170550,Battle Creek
170587,Roscommon
170620,Benton Harbor
170639,Sault Ste Marie
170657,Lansing
170675,Southfield
170790,Warren
170806,Livonia
170842,Detroit
170967,Rochester Hills
170976,Ann Arbor
171100,East Lansing
171128,Houghton
171137,Dearborn
171146,Flint
171155,Harrison
171225,Monroe
171234,Sidney
171298,Muskegon
171304,Muskegon
171395,Petoskey
171456,Marquette
171483,Traverse City
171492,Midland
171535,Bloomfield Hills
171571,Rochester Hills
171599,Olivet
171881,Grand Rapids
172033,Detroit
172051,University Center
172200,Livonia
172264,Adrian
172291,Port Huron
172307,Dowagiac
172334,Spring Arbor
172440,Hancock
172617,Ann Arbor
172635,Detroit
172644,Detroit
172671,Scottville
172699,Kalamazoo
172866,Minneapolis
172918,Alexandria
172954,Anoka
172963,Coon Rapids
173045,Minneapolis
173063,Austin
173115,Bemidji
173124,Bemidji
173142,Mankato
173160,Saint Paul
173203,Brainerd
173258,Northfield
173300,Moorhead
173328,Saint Paul
173416,Rosemount
173452,New Ulm
173461,Duluth
173489,Dultuh
173559,Fergus Falls
173629,Woodbury
173638,Granite Falls
173647,Saint Peter
173665,Saint Paul
173708,Brooklyn Park
173735,Hibbing
173799,Inver Grove Heights
173805,Grand Rapids
173887,Minneapolis
173902,Saint Paul
173911,North Mankato
173920,Mankato
173984,Eagan
173993,Virginia
174020,Saint Paul
174066,Minneapolis
174075,Crookston
174118,Roseville
174127,Minneapolis
174136,Minneapolis
174154,Minneapolis
174206,Rochester
174233,Duluth
174251,Morris
174279,Richfield
174358,Moorhead
174376,Brooklyn Park
174385,Roseville
174394,Mendota Heights
174428,Bloomington
174437,Minneapolis
174473,Thief River Falls
174491,Saint Paul
174507,Bloomington
174525,Bemidji
174570,Pine City
174604,International Falls
174738,Rochester
174747,Saint Joseph
174756,Saint Cloud
174783,Saint Cloud
174792,Collegeville
174817,Winona
174844,Northfield
174862,Saint Bonifacius
174899,Duluth
174914,Saint Paul
175005,Saint Paul
175014,St. Cloud
175041,Saint Paul
175078,Marshall
175157,Ely
175227,Minneapolis
175236,Willmar
175263,Winona
175272,Winona
175315,White Bear Lake
175342,Alcorn State
175421,Jackson
175430,Blue Mountain
175519,Clarksdale
175528,Jackson
175573,Wesson
175616,Cleveland
175643,Decatur
175652,Scooba
175786,Raymond
175810,Goodman
175829,Fulton
175856,Jackson
175883,Ellisville
175935,Meridian
175980,Jackson
176008,Moorhead
176017,University
176035,Columbus
176044,Itta Bena
176053,Clinton
176071,Perkinston
176080,Mississippi State
176169,Booneville
176178,Senatobia
176239,Poplarville
176318,Holly Springs
176354,Summit
176372,Hattiesburg
176406,Tougaloo
176479,Hattiesburg
176549,Maryland Heights
176628,Kansas City
176637,Earth City
176664,Springfield
176770,Springfield
176789,Kansas City
176910,Moberly
176947,Fayette
176965,Warrensburg
177038,Overland Park
177065,Columbia
177083,Conception
177117,Nevada
177135,Neosho
177144,Canton
177214,Springfield
177250,Union
177302,Kansas City
177339,Springfield
177418,Saint Louis
177472,Springfield
177542,Hannibal
177551,Saint Louis
177579,Saint Louis
177676,Hillsboro
177746,Kansas City
177940,Jefferson City
177968,Saint Charles
177977,Linn
177995,Kansas City
178059,Saint Louis
178110,Cape Girardeau
178183,Fenton
178208,Kansas City
178217,Park Hills
178226,Chicago
178244,Saint Louis
178305,Brentwood
178341,Joplin
178350,Saint Charles
178369,Marshall
178387,Saint Joseph
178396,Columbia
178402,Kansas City
178411,Rolla
178420,Saint Louis
178448,Moberly
178615,Kirksville
178624,Maryville
178679,Joplin
178697,Point Lookout
178721,Parkville
178767,Saint Louis
178891,Saint Louis
179043,Kansas City
179070,Springfield
179159,Saint Louis
179256,Florissant
179308,Saint Louis
179326,Bolivar
179344,West Plains
179511,Saint Louis
179539,Sedalia
179548,Columbia
179557,Cape Girardeau
179566,Springfield
179645,Poplar Bluff
179715,Trenton
179867,Saint Louis
179894,Saint Louis
179919,Lexington
179946,Fulton
179955,Liberty
179964,Fulton
180054,Browning
180081,Butte
180106,Helena
180151,Glendive
180160,Lame Deer
180179,Billings
180197,Kalispell
180203,Harlem
180212,Poplar
180249,Great Falls
180258,Great Falls
180276,Helena
180328,Crow Agency
180373,Miles City
180416,Butte
180461,Bozeman
180489,Missoula
180522,Havre
180595,Billings
180647,Pablo
180692,Dillon
180814,Bellevue
180832,Omaha
180878,Lincoln
180902,Grand Island
180948,Chadron
180984,Seward
181002,Omaha
181020,Crete
181093,Omaha
181127,Hastings
181215,Kearney
181242,Lincoln
181297,Omaha
181303,Omaha
181312,North Platte
181330,Fremont
181376,Papillion
181394,Omaha
181400,Omaha
181419,Macy
181446,Lincoln
181464,Lincoln
181491,Norfolk
181534,Peru
181604,Omaha
181640,Lincoln
181738,Lincoln
181756,Omaha
181765,Curtis
181783,Wayne
181817,Scottsbluff
181853,York
181941,Sparks
182005,Las Vegas
182111,Henderson
182148,Henderson
182281,Las Vegas
182290,Reno
182306,Elko
182430,Reno
182458,Incline Village
182500,Reno
182564,Carson City
182634,New London
182661,Nashua
182670,Hanover
182795,Rindge
182865,Manchester
182908,Lebanon
182980,Henniker
183026,Manchester
183044,Durham
183062,Keene
183071,Manchester
183080,Plymouth
183099,Concord
183105,Berlin
183114,Claremont
183123,Laconia
183132,Manchester
183141,Nashua
183150,Portsmouth
183211,Nashua
183239,Manchester
183248,Nashua
183257,Concord
183655,Mays Landing
183743,Paramus
183789,Woodland Park
183822,Bloomfield
183859,Lincroft
183877,Pemberton
183910,Caldwell
183938,Blackwood
183974,Hackettstown
184180,Randolph
184205,Vineland
184348,Madison
184481,Newark
184603,Teaneck
184612,Lodi
184694,Madison
184773,Lakewood
184782,Glassboro
184791,Sewell
184959,Ramsey
184995,Jersey City
185129,Jersey City
185262,Union
185509,West Windsor
185536,Edison
185572,West Long Branch
185590,Montclair
185828,Newark
185873,Toms River
186034,Paterson
186131,Princeton
186186,Morristown
186201,Mahwah
186283,Lawrenceville
186371,Camden
186380,New Brunswick
186399,Newark
186432,Jersey City
186469,Carneys Point
186584,South Orange
186618,Morristown
186645,Branchburg
186867,Hoboken
186876,Galloway
187134,Ewing
187198,Cranford
187444,Wayne
187532,Albuquerque
187596,Crownpoint
187620,Las Cruces
187639,Clovis
187648,Portales
187666,Roswell
187745,Santa Fe
187897,Las Vegas
187903,Hobbs
187912,Roswell
187958,Gallup
187967,Socorro
187976,Los Alamos
187985,Albuquerque
187994,Alamogordo
188003,Carlsbad
188021,Grants
188030,Las Cruces
188049,Los Lunas
188058,Espanola
188100,Farmington
188137,Santa Fe
188146,Santa Fe
188182,Hobbs
188216,Albuquerque
188225,Ranchos de Taos
188261,Tucumcari
188304,Silver City
188340,Flushing
188429,Garden City
188438,Queensbury
188465,New York
188517,Albany
188526,Albany
188641,Alfred
188678,New York
188687,New York
188854,New York
189088,Annandale-On-Hudson
189097,New York
189228,New York
189282,New York
189413,New York
189422,Forest Hills
189459,Bethpage
189547,Binghamton
189556,Getzville
189565,Liverpool
189574,Syracuse
189583,Buffalo
189592,Rochester
189653,Valley Stream
189705,Buffalo
189811,Rego Park
189839,Auburn
189848,Cazenovia
189857,Brooklyn
190044,Potsdam
190053,Plattsburgh
190099,Hamilton
190114,New York
190150,New York
190169,Hudson
190248,Bronxville
190372,New York
190415,Ithaca
190442,Corning
190451,Syracuse
190503,Hyde Park
190512,New York
190521,New York
190530,Bronx
190549,Brooklyn
190558,Staten Island
190567,New York
190585,Bronx
190594,New York
190600,New York
190619,Brooklyn
190628,Long Island City
190637,Bronx
190646,Brooklyn
190655,Brooklyn
190664,Flushing
190673,Bayside
190691,Jamaica
190716,Buffalo
190725,Amherst
190761,Orangeburg
190770,Oakdale
190840,Poughkeepsie
190956,Schenectady
190974,Elmira
190983,Elmira
191083,Buffalo
191126,New York
191199,Canandaigua
191205,Dix Hills
191241,Bronx
191302,Johnstown
191339,Batavia
191515,Clinton
191533,Oneonta
191597,New York
191612,Herkimer
191621,Hamburg
191630,Geneva
191649,Hempstead
191676,Houghton
191719,Troy
191764,Brooklyn
191931,New Rochelle
191959,Amityville
191968,Ithaca
191986,Jamestown
192004,Jamestown
192022,Watertown
192040,New York
192110,New York
192156,Melville
192165,Ossining
192192,Keuka Park
192271,New York
192323,Syracuse
192439,Brooklyn
192448,Brookville
192509,Flushing
192624,Brooklyn
192688,New York
192703,Riverdale
192712,New York
192749,Purchase
192785,Albany
192819,Poughkeepsie
192864,New York
192925,Buffalo
192961,Albany
193016,Dobbs Ferry
193052,Brooklyn
193201,Albany
193247,Brooklyn
193283,Utica
193292,Rockville Centre
193308,Bronx
193326,Rochester
193353,Newburgh
193399,Bronx
193478,Garden City
193584,Rochester
193645,New Rochelle
193654,New York
193900,New York
193946,Sanborn
193973,Niagara University
194028,Saranac Lake
194091,Old Westbury
194116,New York
194161,Nyack
194222,Syracuse
194240,Middletown
194310,New York
194392,Paul Smiths
194499,Jackson Heights
194541,Brooklyn
194569,Johnson City
194578,Brooklyn
194611,New York
194657,Brooklyn
194666,Brooklyn
194763,Flushing
194824,Troy
194958,Rochester
194967,Rochester
195003,Rochester
195030,Rochester
195058,Suffern
195128,Troy
195164,Saint Bonaventure
195173,Brooklyn Heights
195191,Syracuse
195216,Canton
195234,Albany
195243,Sparkill
195289,Troy
195304,Bronxville
195322,Schenectady
195438,Lawrence
195474,Loudonville
195526,Saratoga Springs
195544,Brooklyn
195687,Utica
195720,Rochester
195784,Staten Island
195809,Queens
195845,New York
195988,Loch Sheldrake
196006,Alfred
196015,Canton
196024,Delhi
196033,Cobleskill
196042,Farmingdale
196051,Morrisville
196060,Albany
196079,Vestal
196088,Buffalo
196097,Stony Brook
196103,Syracuse
196112,Utica
196121,Brockport
196130,Buffalo
196149,Cortland
196158,Fredonia
196167,Geneseo
196176,New Paltz
196185,Oneonta
196194,Oswego
196200,Potsdam
196219,Purchase
196237,Old Westbury
196246,Plattsburgh
196264,Saratoga Springs
196291,Throggs Neck
196389,New York
196413,Syracuse
196431,Brooklyn
196477,New York
196565,Dryden
196583,Brooklyn
196592,New York
196653,Buffalo
196699,Stone Ridge
196866,Schenectady
197018,Brooklyn
197027,Kings Point
197045,Utica
197081,Utica
197133,Poughkeepsie
197142,Buffalo
197151,New York
197197,Staten Island
197230,Aurora
197285,White Plains
197294,Valhalla
197522,New  York
197601,Brooklyn
197610,Brooklyn
197647,Brooklyn
197674,Mount Kisco
197708,New York
197735,Monsey
197744,South Fallsburgh
197814,Elizabeth City
197832,Charlotte
197850,Polkton
197869,Boone
197887,Asheville
197911,Wilson
197966,Washington
197984,Belmont
197993,Greensboro
198011,Dublin
198039,Flat Rock
198066,Brevard
198084,Bolivia
198109,Concord
198118,Hudson
198136,Buies Creek
198154,Wilmington
198206,Morehead City
198215,Salisbury
198233,Hickory
198242,Asheville
198251,Sanford
198260,Charlotte
198303,Murfreesboro
198321,Shelby
198330,Jacksonville
198367,New Bern
198376,Thomasville
198385,Davidson
198419,Durham
198455,Durham
198464,Greenville
198491,Tarboro
198507,Elizabeth City
198516,Elon
198534,Fayetteville
198543,Fayetteville
198552,Winston Salem
198561,Boiling Springs
198570,Dallas
198598,Greensboro
198613,Greensboro
198622,Jamestown
198640,Weldon
198668,Clyde
198695,High Point
198710,Spindale
198729,Kenansville
198747,High Point
198756,Charlotte
198774,Smithfield
198808,Banner Elk
198817,Kinston
198835,Hickory
198862,Salisbury
198871,Louisburg
198899,Mars Hill
198905,Williamston
198914,Spruce Pine
198923,Marion
198950,Raleigh
198969,Fayetteville
198978,Wilmington
198987,Statesville
199023,Troy
199032,Montreat
199069,Mount Olive
199087,Rocky Mount
199102,Greensboro
199111,Asheville
199120,Chapel Hill
199139,Charlotte
199148,Greensboro
199157,Durham
199184,Winston-Salem
199193,Raleigh
199209,Rocky Mount
199218,Wilmington
199263,Grantsboro
199272,Raleigh
199281,Pembroke
199306,Misenheimer
199315,Winston Salem
199324,Roxboro
199333,Winterville
199412,Charlotte
199421,Asheboro
199449,Hamlet
199458,Elizabeth City
199467,Ahoskie
199476,Lumberton
199485,Wentworth
199494,Salisbury
199582,Raleigh
199607,Winston Salem
199625,Clinton
199634,Pinehurst
199643,Raleigh
199698,Laurinburg
199722,Whiteville
199731,Sylva
199740,Albemarle
199768,Dobson
199786,Graham
199795,Murphy
199838,Henderson
199847,Winston Salem
199856,Raleigh
199865,Swannanoa
199892,Goldsboro
199908,Morganton
199926,Wilkesboro
199953,Wilson
199962,Wingate
199999,Winston-Salem
200004,Cullowhee
200013,Fargo
200022,Bismarck
200059,Dickinson
200086,New Town
200156,Jamestown
200192,Devils Lake
200208,Fort Totten
200217,Bismarck
200226,Mayville
200253,Minot
200280,Grand Forks
200305,Wahpeton
200314,Bottineau
200332,Fargo
200341,Williston
200466,Fort Yates
200484,Ellendale
200527,Belcourt
200554,Bismarck
200572,Valley City
200590,Niles
200633,Independence
200785,Akron
200800,Akron
200846,Orrville
201016,Cincinnati
201061,Cincinnati
201104,Ashland
201177,Canton
201195,Berea
201283,Saint Clairsville
201371,Bluffton
201399,Ravenna
201432,Huron
201441,Bowling Green
201469,Parma
201548,Columbus
201645,Cleveland
201654,Cedarville
201672,Newark
201690,Wilberforce
201751,Saint Martin
201821,Cincinnati
201858,Cincinnati
201885,Cincinnati
201928,Cincinnati
201946,Batavia
201955,Blue Ash
201964,Circleville
201973,Springfield
202046,Cleveland
202073,Cleveland
202134,Cleveland
202161,Columbus
202170,Columbus
202222,Columbus
202356,Cleveland
202435,Toledo
202480,Dayton
202514,Defiance
202523,Granville
202648,Piqua
202684,Cleveland
202763,Findlay
202806,Columbus
202903,Cincinnati
202912,Cincinnati
203085,Tiffin
203128,Hiram
203155,Nelsonville
203313,Dayton
203331,Steubenville
203368,University Heights
203386,Westerville
203447,Ashtabula
203456,East Liverpool
203465,Canton
203474,Warren
203483,New Philadelphia
203492,Salem
203517,Kent
203526,Burton
203535,Gambier
203544,Kettering
203580,Painesville
203599,Kirtland
203678,Lima
203720,Sheffield Village
203739,Sandusky
203748,Elyria
203757,Sylvania
203775,Canton
203845,Marietta
203881,Marion
203960,Toledo
204006,Hamilton
204015,Middletown
204024,Oxford
204060,Dayton
204176,Columbus
204185,Alliance
204194,Mount Vernon
204200,Cincinnati
204255,Zanesville
204264,New Concord
204307,Cuyahoga Falls
204316,Canton
204422,Mansfield
204440,Archbold
204468,Cleveland
204486,Lima
204501,Oberlin
204592,Akron
204608,Cleveland
204617,Columbus
204626,Dayton
204635,Ada
204662,Wooster
204671,Lima
204680,Mansfield
204699,Marion
204705,Newark
204796,Columbus
204802,Saint Clairsville
204820,Chillicothe
204839,Ironton
204848,Lancaster
204857,Athens
204866,Zanesville
204884,East Liverpool
204909,Delaware
204936,Westerville
204945,Perrysburg
205027,Columbus
205054,Maumee
205179,Centerville
205203,Rio Grande
205391,Kettering
205443,Portsmouth
205470,Dayton
205513,Gallipolis
205522,New Boston
205559,Lancaster
205568,Chillicothe
205610,Cincinnati
205647,Akron
205708,Cincinnati
205726,Dayton
205841,North Canton
205887,Maumee
205957,Steubenville
205966,Hillsboro
206002,Cincinnati
206011,Fremont
206048,Tiffin
206084,Toledo
206093,Brooklyn
206224,Warren
206279,Cincinnati
206330,Urbana
206349,Pepper Pike
206394,Lakewood
206437,North Canton
206446,Marietta
206491,Wilberforce
206507,Wilmington
206525,Springfield
206589,Wooster
206604,Dayton
206613,Celina
206622,Cincinnati
206631,Youngstown
206695,Youngstown
206817,Muskogee
206835,Bartlesville
206862,Bethany
206914,Lawton
206923,Poteau
206941,Edmond
206996,Warner
207041,Ada
207050,Wilburton
207069,El Reno
207157,Moore
207209,Langston
207236,Tishomingo
207254,Tulsa
207263,Tahlequah
207281,Tonkawa
207290,Miami
207306,Alva
207324,Edmond
207351,Goodwell
207388,Stillwater
207397,Oklahoma City
207403,Shawnee
207449,Oklahoma City
207458,Oklahoma City
207500,Norman
207564,Okmulgee
207582,Tulsa
207625,Oklahoma City
207661,Claremore
207670,Midwest City
207689,Shawnee
207722,Chickasha
207740,Seminole
207847,Durant
207856,Bethany
207865,Weatherford
207935,Tulsa
207962,Tulsa
207971,Tulsa
208035,Altus
208239,Portland
208275,Pendleton
208318,Bend
208390,Salem
208406,Oregon City
208415,Astoria
208479,Portland
208488,Portland
208646,La Grande
208725,Eugene
208822,Newberg
208965,Portland
209038,Eugene
209056,Portland
209065,McMinnville
209074,Albany
209108,Marylhurst
209241,Saint Benedict
209250,Gresham
209287,Portland
209409,Eugene
209506,Klamath Falls
209533,Portland
209542,Corvallis
209551,Eugene
209603,Portland
209612,Forest Grove
209746,Portland
209807,Portland
209825,Portland
209922,Portland
209940,Grants Pass
210076,Wilsonville
210146,Ashland
210155,Coos Bay
210234,Ontario
210270,Roseburg
210304,Portland
210331,Salem
210359,Portland
210401,Salem
210429,Monmouth
210492,Bryn Athyn
210571,Reading
210605,Pittsburgh
210669,Meadville
210739,Center Valley
210775,Reading
210890,Erdenheim
210906,York
210942,Philadelphia
210960,Pittsburgh
211024,Clarks Summit
211079,Monaca
211088,Glenside
211149,Pittsburgh
211158,Bloomsburg
211200,Pittsburgh
211273,Bryn Mawr
211291,Lewisburg
211307,Newtown
211316,Feasterville
211343,Butler
211352,Radnor
211361,California
211398,Johnstown
211431,Pittsburgh
211440,Pittsburgh
211468,Allentown
211477,Summerdale
211556,Pittsburgh
211583,Philadelphia
211608,Cheyney
211617,Philadelphia
211644,Clarion
211820,York
211893,Philadelphia
211909,Pittsburgh
211927,Media
211981,Doylestown
212009,Carlisle
212045,Monessen
212054,Philadelphia
212072,Du Bois
212090,Pittsburgh
212106,Pittsburgh
212115,East Stroudsburg
212133,Saint Davids
212160,Edinboro
212197,Elizabethtown
212425,Erie
212434,Erie
212577,Lancaster
212601,Erie
212656,Beaver Falls
212674,Gettysburg
212832,Gwynedd Valley
212869,Bryn Mawr
212878,Harrisburg
212911,Haverford
212975,Johnstown
212984,Philadelphia
212993,Philadelphia
213002,Pittsburgh
213011,Immaculata
213020,Indiana
213233,Scranton
213251,Huntingdon
213303,La Plume
213321,Wilkes-Barre
213349,Kutztown
213358,Pittsburgh
213367,Philadelphia
213376,Scranton
213385,Easton
213400,Lancaster
213473,North Wales
213507,Annville
213525,Schnecksville
213534,Wyomissing
213543,Bethlehem
213570,Allentown
213589,Philadelphia
213598,Lincoln University
213613,Lock Haven
213659,Nanticoke
213668,Williamsport
213774,Jenkintown
213783,Mansfield
213826,Scranton
213914,Pittsburgh
213987,Erie
213996,Mechanicsburg
214023,Philadelphia
214041,Millersville
214069,Dallas
214111,Blue Bell
214148,Philadelphia
214157,Bethlehem
214166,Cresson
214175,Allentown
214272,Aston
214290,New Castle
214379,Bethlehem
214528,Philadelphia
214582,Media
214591,Erie
214625,New Kensington
214634,Sharon
214643,Lehman
214652,Dunmore
214670,Center Valley
214689,Altoona
214698,Monaca
214704,Reading
214713,Middletown
214731,Media
214740,DuBois
214759,Lemont Furnace
214768,Hazleton
214777,University Park
214786,McKeesport
214795,Mont Alto
214801,Abington
214810,Schuylkill Haven
214829,York
214838,Reading
214883,Philadelphia
214892,Washington
214944,Bristol
214971,Philadelphia
215053,Lancaster
215062,Philadelphia
215099,Philadelphia
215105,Philadelphia
215114,Langhorne
215132,Philadelphia
215239,Philadelphia
215266,Bradford
215275,Greensburg
215284,Johnstown
215293,Pittsburgh
215309,Titusville
215381,West Mifflin
215390,Pittsburgh
215415,Oakdale
215433,Upper Darby
215442,Pittsburgh
215585,Reading
215637,Philadelphia
215646,Broomall
215655,Moon Township
215682,Pittsburgh
215691,Rosemont
215743,Loretto
215770,Philadelphia
215798,Latrobe
215929,Scranton
215947,Greensburg
215992,Sharon
216010,Shippensburg
216038,Slippery Rock
216047,Wynnewood
216083,State College
216278,Selinsgrove
216287,Swarthmore
216296,Lancaster
216311,Philadelphia
216339,Philadelphia
216357,Greenville
216418,Erie
216427,Erie
216436,Pittsburgh
216445,Greensburg
216454,DuBois
216524,Collegeville
216542,Phoenixville
216551,Wayne
216597,Villanova
216667,Washington
216694,Waynesburg
216764,West Chester
216782,Pittsburgh
216807,New Wilmington
216825,Youngwood
216852,Chester
216931,Wilkes-Barre
217013,Chambersburg
217059,York
217077,York
217086,York
217156,Providence
217165,Smithfield
217235,Providence
217305,East Greenwich
217402,Providence
217420,Providence
217475,Warwick
217484,Kingston
217493,Providence
217518,Bristol
217536,Newport
217606,Haverhill
217615,Graniteville
217624,Columbia
217633,Anderson
217688,Charleston
217712,Beaufort
217721,Columbia
217749,Greenville
217776,Central
217819,Charleston
217837,Cheraw
217864,Charleston
217873,Orangeburg
217882,Clemson
217891,Rock Hill
217907,Hartsville
217925,Columbia
217934,Columbia
217961,Spartanburg
217989,Denmark
217998,Due West
218025,Florence
218043,Anderson
218061,Florence
218070,Greenville
218113,Greenville
218140,Conway
218229,Greenwood
218238,Gaffney
218353,West Columbia
218399,Sumter
218414,Newberry
218441,Tigerville
218487,Orangeburg
218520,Greenwood
218539,Clinton
218645,Aiken
218654,Bluffton
218663,Columbia
218672,Lancaster
218681,Allendale
218690,Sumter
218706,Union
218724,Conway
218733,Orangeburg
218742,Spartanburg
218821,Spartanburg
218830,Spartanburg
218858,Sumter
218885,Pendleton
218894,Charleston
218919,Denmark
218955,Kingstree
218964,Rock Hill
218973,Spartanburg
218991,Rock Hill
219000,Sioux Falls
219046,Spearfish
219055,Sioux Falls
219082,Madison
219091,Mitchell
219143,Watertown
219189,Mitchell
219198,Yankton
219204,Rapid City
219213,Sioux Falls
219259,Aberdeen
219277,Kyle
219295,Aberdeen
219347,Rapid City
219356,Brookings
219374,Mission
219383,Sioux Falls
219408,Sisseton
219426,Sioux Falls
219471,Vermillion
219480,Rapid City
219505,Nashville
219578,Nashville
219602,Clarksville
219639,Memphis
219709,Nashville
219718,McKenzie
219790,Dayton
219806,Jefferson City
219824,Chattanooga
219833,Memphis
219879,Cleveland
219888,Columbia
219903,Memphis
219949,Lebanon
219976,Nashville
220002,Nashville
220057,Dyersburg
220075,Johnson City
220118,Chattanooga
220181,Nashville
220206,Nashville
220215,Henderson
220312,Madisonville
220400,Jackson
220464,Nashville
220473,Knoxville
220516,Bristol
220552,Knoxville
220598,Jackson
220604,Memphis
220613,Cleveland
220631,Harrogate
220701,Pulaski
220710,Maryville
220808,Memphis
220862,Memphis
220941,Memphis
220978,Murfreesboro
221014,Milligan College
221096,Tullahoma
221148,Nashville
221184,Nashville
221254,Franklin
221351,Memphis
221397,Harriman
221485,Memphis
221519,Sewanee
221643,Knoxville
221661,Collegedale
221731,Athens
221740,Chattanooga
221759,Knoxville
221768,Martin
221795,Knoxville
221838,Nashville
221847,Cookeville
221856,Chattanooga
221892,Nashville
221908,Blountville
221953,Greeneville
221971,Jackson
221999,Nashville
222053,Gallatin
222062,Morristown
222099,Jackson
222105,Memphis
222178,Abilene
222567,Alvin
222576,Amarillo
222822,Lufkin
222831,San Angelo
222877,Arlington
222938,Houston
222983,Sherman
222992,Austin
223232,Waco
223320,Beeville
223427,Brenham
223463,Garland
223472,Houston
223506,Lake Jackson
223524,Farmers Branch
223773,Lancaster
223816,Killeen
223898,Cisco
223922,Clarendon
224004,Austin
224110,Gainesville
224147,Corpus Christi
224183,Dallas
224226,Dallas
224244,Dallas
224271,Dallas
224323,Irving
224350,Corpus Christi
224439,San Antonio
224527,Marshall
224545,Texarkana
224554,Commerce
224572,Mesquite
224615,Dallas
224642,El Paso
224660,El Paso
224679,El Paso
224776,Dallas
224891,Borger
224961,Galveston
225070,Denison
225201,San Antonio
225247,Abilene
225308,Athens
225371,Hillsboro
225399,Houston
225423,Houston
225432,Houston
225502,Victoria
225511,Houston
225520,Big Spring
225548,Brownwood
225575,Austin
225627,San Antonio
225779,El Paso
225788,El Paso
225849,Arlington
225858,Houston
225876,Jacksonville
225885,Hawkins
225991,Dallas
226019,Kilgore
226091,Beaumont
226107,Orange
226116,Port Arthur
226134,Laredo
226152,Laredo
226204,Baytown
226231,Longview
226277,Grand Prairie
226383,Lubbock
226408,Texas City
226471,Belton
226578,Waco
226587,Abilene
226806,Midland
226833,Wichita Falls
226879,Dallas
226930,Dallas
227146,Corsicana
227182,The Woodlands
227191,Irving
227216,Denton
227225,Mount Pleasant
227243,Cedar Hill
227304,Odessa
227331,San Antonio
227368,Edinburg
227377,Brownsville
227386,Carthage
227401,Paris
227429,Dallas
227526,Prairie View
227687,Ranger
227757,Houston
227766,Dallas
227836,McAllen
227845,Austin
227854,San Antonio
227863,Houston
227881,Huntsville
227924,San Antonio
227979,Pasadena
228042,Kerrville
228149,San Antonio
228158,Levelland
228246,Dallas
228316,Uvalde
228325,Waxahachie
228343,Georgetown
228431,Nacogdoches
228459,San Marcos
228468,Keene
228486,Terrell
228501,Alpine
228529,Stephenville
228547,Fort Worth
228608,Temple
228680,Waco
228699,Texarkana
228705,Kingsville
228723,College Station
228769,Arlington
228778,Austin
228787,Richardson
228796,El Paso
228802,Tyler
228875,Fort Worth
228884,Tyler
228981,Seguin
229018,Odessa
229027,San Antonio
229036,Houston
229063,Houston
229115,Lubbock
229160,Fort Worth
229179,Denton
229267,San Antonio
229319,Harlingen
229328,Sweetwater
229355,Tyler
229504,Vernon
229540,Victoria
229780,Plainview
229799,Weatherford
229814,Canyon
229832,Snyder
229841,Wharton
229887,Marshall
230038,Provo
230047,Laie
230056,West Jordan
230171,Saint George
230366,Murray
230384,Murray
230418,Salt Lake City
230472,West Valley City
230597,Ephraim
230603,Cedar City
230621,West Haven
230630,Orem
230728,Logan
230737,Orem
230746,Salt Lake City
230764,Salt Lake City
230782,Ogden
230807,Salt Lake City
230816,Bennington
230825,Burlington
230834,Castleton
230852,Burlington
230861,Winooski
230889,Plainfield
230898,Poultney
230913,Johnson
230931,Lyndonville
230940,Marlboro
230959,Middlebury
230977,Montpelier
230995,Northfield
231059,Colchester
231077,Rutland
231086,Bennington
231095,Craftsbury Common
231165,Randolph Center
231174,Burlington
231411,Virginia Beach
231420,Danville
231536,Weyers Cave
231554,Bluefield
231581,Bridgewater
231624,Williamsburg
231651,Virginia Beach
231697,Lynchburg
231712,Newport News
231785,Virginia Beach
231828,North Chesterfield
231837,Roanoke
231873,Clifton Forge
231882,Danville
232016,Virginia Beach
232025,Emory
232043,Harrisonburg
232052,Melfa
232089,Ferrum
232186,Fairfax
232195,Locust Grove
232256,Hampden-Sydney
232265,Hampton
232308,Roanoke
232414,Richmond
232423,Harrisonburg
232450,Chester
232557,Lynchburg
232566,Farmville
232575,Middletown
232609,Lynchburg
232672,Staunton
232681,Fredericksburg
232706,Arlington
232788,Big Stone Gap
232797,Salem
232867,Dublin
232937,Norfolk
232946,Annandale
232982,Norfolk
233019,Martinsville
233037,Franklin
233091,Lynchburg
233116,Charlottesville
233277,Radford
233295,Ashland
233301,Lynchburg
233310,Glenns
233329,Norfolk
233338,Petersburg
233356,Richmond
233374,University of Richmond
233426,Salem
233541,Winchester
233611,Buena Vista
233639,Alberta
233648,Richlands
233684,Arlington
233718,Sweet Briar
233754,Hampton
233772,Norfolk
233897,Wise
233903,Abingdon
233912,Bristol
233921,Blacksburg
233949,Roanoke
234030,Richmond
234076,Charlottesville
234085,Lexington
234137,Lynchburg
234155,Petersburg
234164,Richmond
234173,Norfolk
234207,Lexington
234377,Wytheville
234492,Seattle
234669,Bellevue
234696,Bellingham
234711,Moses Lake
234827,Ellensburg
234845,Centralia
234915,Seattle
234933,Vancouver
234951,Lakewood
234979,Pasco
235024,Seattle
235097,Cheney
235103,Lynnwood
235149,Everett
235167,Olympia
235237,Lakewood
235316,Spokane
235334,Aberdeen
235343,Auburn
235422,Toppenish
235431,Des Moines
235495,Spokane
235510,Seattle
235529,Spokane Valley
235671,Tacoma
235699,Kirkland
235750,Longview
235769,Everett
236072,Seattle
236133,Kirkland
236188,Bremerton
236230,Tacoma
236258,Port Angeles
236328,Tacoma
236382,Renton
236452,Lacey
236504,Seattle
236513,Seattle
236577,Seattle
236595,Seattle
236610,Shoreline
236638,Mount Vernon
236656,Olympia
236692,Spokane
236708,Spokane
236753,Tacoma
236887,Walla Walla
236896,College Place
236939,Pullman
236948,Seattle
236975,Wenatchee
236993,Vancouver
237011,Bellingham
237039,Bellingham
237057,Walla Walla
237066,Spokane
237109,Yakima
237118,Philippi
237136,Mount Hope
237181,Bethany
237215,Bluefield
237312,Charleston
237330,Athens
237358,Elkins
237367,Fairmont
237385,Glenville
237437,Huntington
237525,Huntington
237598,Parkersburg
237604,Cross Lanes
237640,Vienna
237686,Parkersburg
237701,Keyser
237783,Salem
237792,Shepherdstown
237817,Mount Gay
237899,Institute
237932,West Liberty
237950,Montgomery
237969,Buckhannon
237978,Wheeling
237987,Charleston
237996,Morgantown
238014,Wheeling
238032,Morgantown
238078,Wheeling
238193,Milwaukee
238263,Madison
238324,Green Bay
238333,Beloit
238397,Janesville
238430,Milwaukee
238458,Waukesha
238476,Kenosha
238616,Mequon
238661,Madison
238722,Appleton
238759,Kenosha
238892,Greenfield
238980,Plymouth
239008,Cleveland
239017,Appleton
239071,Watertown
239080,Fond Du Lac
239105,Milwaukee
239220,Wisconsin Rapids
239248,Milwaukee
239309,Milwaukee
239318,Milwaukee
239372,Fond du Lac
239390,Milwaukee
239442,Rhinelander
239460,Wausau
239488,Green Bay
239503,Dunbar
239512,Ashland
239628,Ripon
239716,De Pere
239743,Manitowoc
239910,Fennimore
239929,Milwaukee
240055,Madison
240107,La Crosse
240116,Eau Claire
240125,Pewaukee
240170,La Crosse
240189,Whitewater
240198,Shell Lake
240268,Eau Claire
240277,Green Bay
240329,La Crosse
240338,Milwaukee
240365,Oshkosh
240374,Kenosha
240392,Madison
240417,Menomonie
240426,Superior
240444,Madison
240453,Milwaukee
240462,Platteville
240471,River Falls
240480,Stevens Point
240505,Casper
240514,Riverton
240596,Torrington
240620,Cheyenne
240657,Powell
240666,Sheridan
240693,Rock Springs
240718,Laramie
240727,Laramie
243744,Stanford
243780,West Lafayette
243823,Dallas
244011,Sylmar
244154,Westminster
244190,Wilmington
244233,Fort Lauderdale
244279,Sarasota
244437,Decatur
244446,Clarkston
245032,Florence
245342,Berkeley
245421,Rolla
245430,Jefferson City
245625,Washington
245652,Santa Fe
245883,Seattle
245953,Oklahoma City
245962,Tulsa
246008,Tulsa
246035,Portland
246202,Nashville
246266,El Paso
246354,San Antonio
246813,Athens
246974,San Leandro
247065,Florence
247603,Newton
247649,Putney
247700,Independence
247834,McKinney
247940,Owensboro
248776,Waycross
248846,San Diego
248882,Albuquerque
248934,Virginia Beach
249609,Forty Fort
250027,Uniontown
250601,Phoenix
251075,Harrisburg
251251,Newburgh
251260,Wadley
251312,Columbia
260293,Tampa
260354,Lancaster
260372,Hayward
260691,Mesa
260789,Alhambra
260813,Aurora
260901,Davenport
260910,Cedar Falls
260974,Arlington Heights
260992,Bridgeview
261472,Troy
261861,Mount Braddock
261931,Roanoke
262031,Cottleville
262086,Irvine
262129,Sarasota
262332,Scottsdale
262457,Fresno
262509,Denver
363387,Roseville
363439,Bowling Green
363633,Las Vegas
363934,Tempe
364016,Phoenix
364025,Chandler
364168,Madison
364955,San Antonio
364973,Austin
365055,New York
365204,El Paso
366003,Deerfield Beach
366252,Williamsport
366261,Houston
366270,Baton Rouge
366340,Box Elder
366395,Selden
366401,Livermore
366447,Jesup
366465,Statesboro
366535,Mobile
366544,Aurora
366553,Fort Myers
366580,Norwood
366650,Knoxville
366678,Austin
366696,Houston
366711,San Marcos
366748,Honolulu
366960,Salida
367024,Urbandale
367097,Lawrence
367112,Monroe
367194,Saint Paul
367316,Austin
367459,Bentonville
367839,Denver
367884,Naples
367909,Lakeland
367936,Atlanta
368443,Clarksville
368452,Madison
368601,Norfolk
368629,Seattle
368780,Los Angeles
368805,Los Angeles
368911,Vidalia
369084,Albuquerque
369516,Springfield
369862,Columbus
369905,Eastlake
371052,Mobile
371760,Stockton
371779,Hayward
371982,Anaheim
372037,City of Industry
372073,Cerritos
372213,Phoenix
372222,San Diego
372329,Fort Collins
372578,Lake Mary
372772,Jacksonville
372921,Smyrna
372958,Honolulu
373058,Des Moines
373085,Bettendorf
373827,Bangor
374875,Las Vegas
374972,Orchard Park
375230,Brooklyn
375416,Cleveland
375489,Findlay
375841,Portland
375939,Altoona
377069,San Antonio
377111,Fort Worth
377342,Clearfield
377449,Newport News
377458,Norfolk
377546,Poulsbo
377555,Bothell
377564,Tacoma
378406,Torrance
378576,San Diego
379029,Tampa
379782,Houston
380094,Houston
380359,Brimley
380368,Cloquet
380377,Bellingham
380438,Provo
380465,Salt Lake City
381617,Port Huron
381732,Lakewood
381787,Denver
381909,San Bernardino
382504,Charlotte
382771,Clarksville
382896,Dallas
382911,Big Spring
382957,Richmond
383190,Hilo
383950,Hattiesburg
383996,Ruidoso
384209,Phoenix
384254,Leesburg
384333,Avondale
384342,Normal
384412,Washington
385008,Fort Lauderdale
385503,Scranton
385619,Boca Raton
386472,Winter Park
387925,Pompano Beach
388043,Nashville
388520,Houston
389727,Pensacola
390701,Orlando
392257,Houston
392840,Nashville
395362,Joshua Tree
398130,Monrovia
398574,Long Beach
399212,Orange
399869,Anaheim
399911,Aliso Viejo
401223,Los Angeles
402776,Albuquerque
403469,Fairfield
403478,Robinson
403487,Mount Carmel
404055,Tempe
404073,Auburn Hills
404082,Clinton Township
404338,Largo
404365,Springfield
404374,Joplin
404383,Kansas City
404426,Flagstaff
404499,Houston
404505,Jacksonville
404514,Dallas
404648,Cadillac
404912,Denver
404921,Miami
404994,Brooklyn
405058,Brooklyn
405854,Brooklyn
405872,Westminster
405979,Tucson
405988,Lone Tree
405997,Albuquerque
406006,San Jose
406015,Costa Mesa
406024,Saint Petersburg
406033,San Antonio
406194,Woodridge
406200,Overland Park
406219,Louisville
406547,Gainesville
407063,Jacksonville
407285,Brooklyn Center
407319,Omaha
407328,Omaha
408039,Fort Wayne
408394,Marshall
408844,Hialeah
409069,Fort Lauderdale
409315,McAllen
409670,Miami
409698,Seaside
409874,Salinas
410070,Oklahoma City
410283,Atlanta
410496,Rochester
410502,North Hollywood
410520,Moreno Valley
410539,Aurora
412599,Memphis
413413,Minneapolis
413617,Keshena
413626,Cass Lake
413839,Little Rock
413848,Oxnard
413857,Louisville
413866,Greenville
413884,Cordova
414160,Jackson
414531,Everett
414568,Bessemer
414586,Orland Park
414595,New York
414708,Flint
414823,North Miami
414841,Pittsburgh
414878,Fort Wayne
414911,Johnstown
416962,Las Vegas
417318,Miami
417327,Altamonte Springs
417734,Cape Girardeau
418126,Syosset
418870,Cookeville
418889,Clarksville
419457,Arlington
419509,Sacramento
420006,Melbourne
420024,Chesapeake
420042,Honolulu
420103,Miami
420307,Birmingham
420316,Huntsville
420398,San Antonio
420404,Getzville
420431,Sandersville
420440,Wells
420495,Atlanta
420501,Middleburg Heights
420538,Mountain Home
420556,The Dalles
420723,Tillamook
421009,Metairie
421018,Southfield
421513,Hopkinsville
421708,Glendale
421832,Raleigh
421878,Jersey City
422020,Fresno
422695,Costa Mesa
423652,Newport
423980,Pasadena
426314,Daytona Beach
427663,Webster
427973,Chesapeake
427982,Richmond
428170,Greenacres
428268,Tampa
428286,Schaumburg
428329,Indiana
428392,Klamath Falls
428444,Phoenix
429128,Boston
429599,Henderson
430050,Saint Louis Park
430087,Aurora
430148,Portland
430157,Apopka
430166,Chandler
430184,Suitland
430263,Miami
430351,Harrisburg
430360,Tarentum
430379,Norwood
430388,Strongsville
430485,Omaha
430795,Charleston
430810,Manchester
431141,Clovis
431886,San Antonio
432223,Tukwila
432232,Orlando
432241,Tigard
432302,Riverside
432384,Ontario
432524,Wilmington
432533,Santa Monica
433004,Signal Hill
433013,Orange
433174,Charlotte
433387,Salt Lake City
433420,Ventura
433536,Kenner
433563,Lexington
433660,Fort Myers
434016,Winnebago
434034,Silver Spring
434052,Richardson
434061,Lafayette
434140,Chula Vista
434159,Marietta
434414,W Bloomfield
434539,Miami
434548,Arnold
434557,Oak Brook
434566,Albany
434575,Liverpool
434584,Barrow
434672,Baltimore
434690,Myrtle Beach
434751,Mahnomen
434821,Metairie
434946,Miramar
434955,Jacksonville
434964,Temple Terrace
434973,Columbia
434982,Oklahoma City
434991,Tulsa
436094,Phoenix
436182,Saint Joseph
436191,Sunset Hills
436225,Orlando
436304,Sorrento
436429,Hollywood
436438,Orange
436483,Bloomington
436702,Miami
437042,Saint Rose
437051,Richmond
437060,Warr Acres
437097,Arlington
437103,Baton Rouge
437219,Lathrop
437732,Dallas
437750,Temecula
437769,CHESTER
437848,Anaheim
437936,San Jose
438151,Murray
438179,Tucson
438212,Pottsville
438258,Pleasant Hill
438285,Maitland
438294,Bradenton
438382,Colorado Springs
438416,Walker
438498,Fairfax
438586,Atlanta
438601,Weston
438610,Wayne
438629,Pittsburgh
438647,Chesapeake
438708,Moorefield
438869,Little Rock
438902,Jacksonville
439057,Seattle
439118,Spokane
439127,Friendswood
439136,Wilmington
439145,Puyallup
439190,Bothell
439279,Saint Louis
439288,Denver
439297,Beachwood
439367,Los Angeles
439437,Fern Park
439455,Highland Heights
439482,Shreveport
439525,Palm Harbor
439570,Tulsa
439613,Indianapolis
439701,Van Nuys
439738,Baton Rouge
439792,Orange Park
439826,Gold River
440110,Nashville
440129,Irving
440147,Calumet City
440271,Baton Rouge
440299,Ontario
440323,Beaumont
440332,Laredo
440341,Arlington
440402,Newport
440420,Braintree
440439,Dallas
440448,Houston
440457,Milwaukee
440466,Meridian
440484,Upland
440642,Levittown
440749,Ellsworth Air Force Base
440758,Albuquerque
440767,Brooklyn Center
440794,Newark
440873,Memphis
440882,Tulsa
440891,Wichita
440925,Orlando
441025,Charleston
441052,Anaheim
441070,Mount Pleasant
441089,Blairsville
441201,Sharonville
441487,Houston
441502,Gulfport
441511,Durham
441636,Columbus
441760,Beaumont
441858,Fredericksburg
441900,Henderson
441919,Jackson
441928,Austin
441937,Camarillo
441955,Springfield
441964,Chantilly
441973,Santa Ana
441982,Needham
442037,Philadelphia
442046,Philadelphia
442143,Kansas City
442152,Sandy Springs
442161,Schaumburg
442170,Nashville
442189,Reston
442231,Orlando
442338,Canton
442347,Plymouth Meeting
442356,Lancaster
442383,Bridgeport
442408,Broadview Heights
442426,Fenton
442444,Ontario
442569,Kansas City
442578,Plymouth
442602,Albuquerque
442718,Overland Park
442745,Palm Springs
442781,Sells
442790,Dallas
442879,Tempe
442930,Lancaster
443049,Tacoma
443270,Jacksonville
443331,North Hollywood
443340,Franklin
443377,Sunbury
443410,Redmond
443438,Lauderdale Lakes
443474,Charlotte
443492,Fairmont
443526,Duluth
443535,Hilliard
443544,Indianapolis
443623,Tucker
443650,Chattanooga
443687,Chicago
443739,Fenton
443766,Memphis
443784,Trevose
443827,Brownsville
443836,Corpus Christi
443854,Arlington
443881,Columbus
443890,Cordova
443924,Little Rock
444088,Albuquerque
444158,Colorado Springs
444167,Allen Park
444219,Folsom
444255,Murfreesboro
444343,South Gate
444389,El Paso
444398,San Antonio
444413,Far Rockaway
444565,Houston
444574,Miami
444778,Charlotte
444927,Tucson
444954,Huntington
444972,Columbia
445018,South Charleston
445027,Schaumburg
445072,Atlanta
445081,Eden Prairie
445090,Mobile
445115,Las Vegas
445124,Troy
445133,Houston
445188,Merced
445197,Fort Worth
445203,Houston
445230,Las Vegas
445249,Nashville
445258,Oklahoma City
445276,Atlanta
445300,Jersey City
445319,Saint Louis Park
445328,Fort Worth
445346,Lubbock
445391,Louisville
445434,Orange Park
445470,Vienna
445559,St Charles
445601,Memphis
445610,Kansas City
445674,Montgomery
445692,Salt Lake City
445708,Charlotte
445717,Fresno
445726,St. Louis
445753,Miami
445762,Manassas
445814,Kansas City
445920,Waite Park
445939,Shakopee
446048,Ave Maria
446093,Yuba City
446233,Springdale
446385,Pasadena
446552,Orlando
446604,Monroe
446640,Harrisburg
446668,Cincinnati
446677,Logan
446738,San Antonio
446747,Austin
446756,Glen Allen
446765,Raleigh
446774,Martinsburg
446792,Henderson
446808,Tukwila
446835,Miramar
446844,Mendota Heights
446880,Shreveport
446899,Kansas City
446905,Kennesaw
446914,Owings Mills
446923,Warrensville Heights
447014,Ormond Beach
447050,Chula Vista
447069,Arlington
447102,Bakersfield
447120,Clovis
447263,Draper
447272,Los Angeles
447290,Miramar
447351,Salida
447360,Largo
447379,Moore
447421,Layton
447458,Emeryville
447582,Beckley
447625,Salt Lake City
447634,Palm Springs
447670,Rochester
447689,Lawrenceville
447768,Ontario
447847,Fort Pierce
447935,Louisville
447953,Oakland
448309,Marietta
448345,Indianapolis
448354,Belleville
448372,Rancho Cordova
448415,Indianapolis
448442,Charlotte
448451,Clovis
448460,Dunmore
448479,Swartz Creek
448488,Lexington
448497,Maumee
448503,Oklahoma City
448512,Tulsa
448576,San Bernardino
448585,Kansas City
448594,Lemoore
448600,Brecksville
448628,Annandale
448664,Madison
448673,Rockford
448734,Denver
448761,Fort Collins
448840,St. Petersburg
448859,Bethlehem
449010,Nashville
449038,Tampa
449074,Renton
449083,Miami
449092,Hialeah
449117,Cary
449126,Springboro
449524,Belleview
449612,Baton Rouge
449658,Lakewood
449764,Memphis
449870,Rosemead
449898,Tampa
450003,Troy
450049,Draper
450058,Westerville
450067,Cincinnati
450085,Charleston
450094,Sacramento
450128,Alexandria
450155,Brookfield
450191,Biloxi
450207,St. Petersburg
450216,Baton Rouge
450225,Columbia
450234,Wichita
450243,Atlanta
450252,Mobile
450261,Chattanooga
450270,South Bend
450289,Chattanooga
450298,Newark
450377,Birmingham
450401,Tulsa
450429,Layton
450447,Sacramento
450465,San Antonio
450526,Ontario
450535,Nashville
450571,Green Bay
450696,Stockton
450702,Citrus Heights
450933,Orange Beach
451060,Boca Raton
451404,Brooklyn
451556,El Paso
451662,Pittsburgh
451671,Sarasota
451699,Indianapolis
451750,Wauwatosa
451769,Blaine
451796,Novi
451820,Austin
451848,Sunnyvale
451875,Austin
451936,Cary
451945,Madison
451954,Clive
451963,Columbus
451972,Phoenix
451981,Madison
451990,High Point
452018,Lenexa
452027,Durham
452063,Dallas
452115,Montgomery
452373,Springdale
453109,Kansas City
453127,Lexington
453163,Morrisville
453215,Cherry Hill
453455,Kettering
453464,Youngstown
453473,Cincinnati
453482,Stow
453747,Columbu
454184,New York
454227,Addison
454236,Columbus
454245,Phoenix
454458,Rogers
454591,Orem
454616,Minneapolis
454625,Greenville
454740,San Diego
454856,Denver
454883,Plantation
455114,Nampa
455257,Brooklyn
455390,Alexandria
455479,Pensacola
455488,Montgomery
455512,Woodland
455585,Moorhead
455600,Boise
455619,Tulsa
455646,Scottsville
455655,Greenville
455673,Arnold
455716,Jacksonville
455983,Fairfax
456010,Sterling
456056,North Charleston
456205,Raleigh
456296,Tampa
456393,Madison
456409,Springfield
456418,Huntington
456427,Concord
456445,Charlotte
456490,Orlando
456612,Phoenix
456667,Mason
456782,Elk River
456791,Greenville
456807,Sioux Falls
456816,Eau Claire
456834,Minneapolis
457022,Toledo
457101,Las Vegas
457484,Honolulu
457688,St Joseph
458210,Anaheim
458229,Ontario
458256,Augusta
458432,Grove City
458502,Glendale
458557,Louisville
458733,Madison
458742,Lakeville
458760,Middleton
458779,Rothschild
458919,Atlanta
458964,Greenville
458973,Austin
458991,Onalaska
459204,Fremont
459356,Wheeling
459675,Aurora
459693,Culver City
459709,Dearborn
459718,North Las Vegas
459727,Los Alamitos
459815,Santa Teresa
459842,Kenosha
459994,Washington
460394,Moreno Valley
460464,Norco
460747,Chicago
461032,Fayetteville
461236,Atlanta
461315,Baraga
461528,Fayetteville
462354,Escondido
466921,St. Louis
474881,Edina
475291,Brooklyn Center
