state,city
Alabama,Normal
Alabama,Birmingham
Alabama,Montgomery
Alabama,Huntsville
Alabama,Montgomery
Alabama,Tuscaloosa
Alabama,Alexander City
Alabama,Montgomery
Alabama,Auburn University
Alabama,Birmingham
Alabama,Phenix City
Alabama,Selma
Alabama,Montgomery
Alabama,Enterprise
Alabama,Bay Minette
Alabama,Montgomery
Alabama,Gadsden
Alabama,Dothan
Alabama,Hanceville
Alabama,Selma
Alabama,Birmingham
Alabama,Montgomery
Alabama,Huntsville
Alabama,Jacksonville
Alabama,Brewton
Alabama,Birmingham
Alabama,Tanner
Alabama,Marion
Alabama,Birmingham
Alabama,Livingston
Alabama,Andalusia
Alabama,Marion
Alabama,Fairfield
Alabama,Mobile
Alabama,Montevallo
Alabama,Muscle Shoals
Alabama,Florence
Alabama,Rainsville
Alabama,Huntsville
Alabama,Monroeville
Alabama,Montgomery
Alabama,Evergreen
Alabama,Mobile
Alabama,Birmingham
Alabama,Selma
Alabama,Tuscaloosa
Alabama,Boaz
Alabama,Mobile
Alabama,Mobile
Alabama,Birmingham
Alabama,Tuscaloosa
Alabama,Talladega
Alabama,Montgomery
Alabama,Troy
Alabama,Tuskegee
Alabama,Jasper
Alaska,Anchorage
Alaska,Fairbanks
Alaska,Juneau
Alaska,Anchorage
Alaska,Anchorage
Alaska,Valdez
Arizona,Phoenix
Arizona,Phoenix
Arizona,Mesa
Arizona,Tucson
Arizona,Flagstaff
Arizona,Phoenix
Arizona,Tempe
Arizona,Yuma
Arizona,Tucson
Arizona,Tucson
Arizona,Coolidge
Arizona,Tucson
Arizona,Douglas
Arizona,Thatcher
Arizona,Prescott
Arizona,Glendale
Arizona,Phoenix
Arizona,Phoenix
Arizona,Phoenix
Arizona,Phoenix
Arizona,Mesa
Arizona,Tucson
Arizona,Tempe
Arizona,Kingman
Arizona,Tsaile
Arizona,Flagstaff
Arizona,Holbrook
Arizona,Phoenix
Arizona,Tempe
Arizona,Tucson
Arizona,Tucson
New Mexico,Albuquerque
Arizona,Prescott
Arizona,Phoenix
Arizona,Tempe
Arizona,Scottsdale
Arizona,Phoenix
Arizona,Phoenix
Arizona,Avondale
Arizona,Tempe
Arizona,Prescott
Arkansas,Little Rock
Arkansas,Little Rock
Arkansas,Batesville
Arkansas,Fayetteville
Arkansas,Pine Bluff
Arkansas,Beebe
Arkansas,Jonesboro
Arkansas,Russellville
Arkansas,Monticello
Arkansas,Pocahontas
Arkansas,Conway
Arkansas,Conway
Arkansas,De Queen
Arkansas,Paragould
Arkansas,Forrest City
Arkansas,Hot Springs
Arkansas,Batesville
Arkansas,Searcy
Arkansas,Arkadelphia
Arkansas,Conway
Arkansas,Siloam Springs
Arkansas,West Memphis
Arkansas,Blytheville
Arkansas,Harrison
Arkansas,Arkadelphia
Arkansas,Malvern
Arkansas,Melbourne
Arkansas,Clarksville
Arkansas,Morrilton
Arkansas,Little Rock
Arkansas,Helena
Arkansas,Pine Bluff
Arkansas,North Little Rock
Arkansas,Hope
Arkansas,Mena
Arkansas,Walnut Ridge
Arkansas,El Dorado
Arkansas,Magnolia
Arkansas,Camden
Arkansas,Fort Smith
California,San Francisco
California,Rancho Cordova
California,Alameda
California,Santa Maria
California,Los Angeles
California,Los Angeles
California,Sacramento
California,Lancaster
California,Pasadena
California,Azusa
California,Bakersfield
California,Barstow
California,Anaheim
California,La Mirada
California,Santa Barbara
California,Los Angeles
California,Oroville
California,Aptos
California,Riverside
California,San Francisco
California,Pasadena
California,Thousand Oaks
California,San Luis Obispo
California,San Diego
California,Bakersfield
California,Turlock
California,San Bernardino
California,Pomona
California,Chico
California,Carson
California,Fresno
California,Fullerton
California,Hayward
California,Long Beach
California,Los Angeles
California,Northridge
California,Sacramento
California,Berkeley
California,Davis
California,Irvine
California,Los Angeles
California,Riverside
California,La Jolla
California,Santa Barbara
California,Santa Cruz
California,San Diego
California,San Francisco
California,Valencia
California,Vallejo
California,Redwood City
California,Santa Clarita
California,Van Nuys
California,Norwalk
California,Ridgecrest
California,Hayward
California,Rancho Cucamonga
California,Orange
California,Los Angeles
California,Irvine
California,El Cajon
California,Glendora
California,San Francisco
California,Claremont
California,Fountain Valley
California,Sunnyvale
California,San Diego
California,Sonora
California,Tarzana
California,Compton
California,San Pablo
California,Sacramento
California,Yucaipa
California,San Luis Obispo
California,El Cajon
California,Cypress
California,Cupertino
California,Palm Desert
California,San Diego
California,Pleasant Hill
California,San Rafael
California,Monterey Park
California,Torrance
California,Santa Rosa
California,San Jose
California,Los Angeles
California,San Francisco
California,Irvine
California,Quincy
California,Los Altos Hills
California,Fresno
California,Fresno
California,Fullerton
California,Gilroy
California,Glendale
California,Huntington Beach
California,El Cajon
California,Salinas
California,Claremont
California,Rancho Cordova
California,Fresno
California,Milpitas
California,San Francisco
California,Concord
California,Oakland
California,Arcata
California,Stockton
California,Imperial
California,Irvine
California,National City
California,San Dimas
California,Orange
California,Los Angeles
California,Reedley
California,San Dimas
California,San Diego
California,La Verne
California,Laguna Beach
California,South Lake Tahoe
California,Oakland
California,Susanville
California,Oakland
California,Riverside
California,Long Beach
California,Wilmington
California,Woodland Hills
California,Los Angeles
California,Los Angeles
California,Valley Glen
California,Santa Clarita
California,Los Angeles
California,Sylmar
California,Pittsburg
California,San Francisco
California,Los Angeles
California,Sacramento
California,Sacramento
California,San Diego
California,Vista
California,Kentfield
California,Rancho Palos Verdes
California,Ukiah
California,Atherton
California,Merced
California,Oakland
California,Oakland
California,Oceanside
California,Santa Clara
California,Modesto
California,Monterey
California,Moorpark
California,Walnut
California,Los Angeles
California,San Jacinto
California,Hollywood
California,Napa
California,Reseda
California,San Bernardino
California,San Jose
California,La Jolla
California,San Diego
California,Belmont
California,Los Angeles
California,Fremont
California,Costa Mesa
California,Los Angeles
California,Oxnard
California,Fullerton
California,San Diego
California,Angwin
California,Stockton
California,Blythe
California,San Marcos
California,Pasadena
California,Malibu
California,Claremont
California,San Diego
California,San Diego
California,Claremont
California,Porterville
California,Torrance
California,Santa Ana
California,Redlands
California,Eureka
California,Whittier
California,Riverside
California,Sacramento
California,Mission Viejo
California,San Diego
California,Carlsbad
California,San Diego
California,San Diego
California,San Diego
California,San Diego
California,San Francisco
California,San Francisco
California,San Francisco
California,San Francisco
California,Stockton
California,Visalia
California,Bakersfield
California,Rocklin
California,San Jose
California,San Jose
California,San Mateo
California,Bakersfield
California,Los Angeles
California,Santa Maria
California,Santa Barbara
California,Santa Clara
California,Santa Monica
California,Santa Rosa
California,Claremont
California,Fremont
California,Visalia
California,Redding
California,Rocklin
California,Redding
California,Weed
California,San Bruno
California,San Bernardino
California,Moraga
California,Fairfield
California,Rohnert Park
California,Orange
California,Costa Mesa
California,Garden Grove
California,Chula Vista
California,Los Angeles
California,Los Angeles
California,Taft
California,Santa Paula
California,Sacramento
California,Huntington Park
California,San Bernardino
California,North Hollywood
California,Ventura
California,Victorville
California,Berkeley
Minnesota,Minneapolis
California,Coalinga
California,Culver City
California,Saratoga
California,Sacramento
California,Santa Barbara
California,Whittier
California,Burbank
California,Los Angeles
California,Marysville
Colorado,Alamosa
Colorado,Greeley
Colorado,Littleton
Colorado,Denver
Colorado,Colorado Springs
Colorado,Denver
Colorado,Colorado Springs
Colorado,Broomfield
Colorado,Boulder
Colorado,Lakewood
Colorado,Colorado Springs
Colorado,Aurora
Colorado,Denver
Colorado,Glenwood Springs
Colorado,Rangely
Colorado,Golden
Colorado,Lakewood
Colorado,Fort Collins
Colorado,Colorado Springs
Colorado,Aurora
Colorado,Denver
Colorado,Westminster
Colorado,Denver
Colorado,Denver
Colorado,Denver
Colorado,Denver
Colorado,Durango
Colorado,Westminster
Colorado,Lamar
Colorado,Grand Junction
Colorado,Denver
Colorado,Fort  Morgan
Colorado,Boulder
Colorado,Colorado Springs
Colorado,Denver
Colorado,Colorado Springs
Colorado,Sterling
Colorado,Greeley
Colorado,La Junta
Colorado,Thornton
Colorado,Colorado Springs
Colorado,Colorado Springs
Colorado,Pueblo
Colorado,Lakewood
Colorado,Denver
Colorado,Lakewood
Colorado,Pueblo
Colorado,Colorado Springs
Colorado,Grand Junction
Colorado,Trinidad
Colorado,Gunnison
Connecticut,New Haven
Connecticut,Enfield
Connecticut,Southington
Connecticut,Bridgeport
Connecticut,New Britain
Connecticut,New London
Connecticut,Storrs
Connecticut,East Hartford
Connecticut,Willimantic
Connecticut,Fairfield
Connecticut,Hartford
Connecticut,West Hartford
Connecticut,Bridgeport
Connecticut,Manchester
Connecticut,Waterbury
Connecticut,Middletown
Connecticut,New London
Connecticut,Norwich
Connecticut,West Haven
Connecticut,Norwalk
Connecticut,Winsted
Connecticut,Hamden
Connecticut,Waterbury
Connecticut,Danielson
Connecticut,Hamden
Connecticut,Fairfield
Connecticut,West Hartford
Connecticut,New Haven
Connecticut,Bridgeport
Connecticut,New Haven
Connecticut,Hartford
Connecticut,Farmington
Connecticut,Middletown
Connecticut,Danbury
Connecticut,New Haven
Delaware,Georgetown
Delaware,Dover
Delaware,Wilmington
Delaware,Dover
Delaware,Newark
Delaware,Wilmington
Delaware,Dover
Delaware,New Castle
District of Columbia,Washington
District of Columbia,Washington
District of Columbia,Washington
District of Columbia,Washington
District of Columbia,Washington
District of Columbia,Washington
District of Columbia,Washington
District of Columbia,Washington
Virginia,Falls Church
District of Columbia,Washington
District of Columbia,Washington
Florida,Fort Lauderdale
Florida,Graceville
Florida,Miami
Florida,Daytona Beach
Florida,Boca Raton
Florida,Cocoa
Florida,Fort Lauderdale
Florida,Winter Park
Florida,Miami
Florida,Ocala
Florida,Kissimmee
Florida,Orlando
Florida,Marianna
Florida,Clearwater
Florida,Daytona Beach
Florida,Royal Palm Beach
Florida,Saint Petersburg
Florida,Fort Myers
Florida,Jacksonville
Florida,Daytona Beach
Florida,Tallahassee
Florida,Boca Raton
Florida,Jacksonville
Florida,Saint Augustine
Florida,Temple Terrace
Florida,Jacksonville
Florida,Miramar
Florida,Tampa
Florida,Orlando
Florida,Melbourne
Florida,Miami
Florida,Key West
Florida,Miami Gardens
Florida,Miami
Florida,Lakeland
Florida,Tallahassee
Florida,Orlando
Florida,Jacksonville
Florida,Gainesville
Florida,Pompano Beach
Florida,Winter Park
Florida,Panama City
Florida,Tampa
Florida,Hobe Sound
Florida,Fort Pierce
Florida,Tampa
Florida,Miami
Florida,Tampa
Florida,Jacksonville
Florida,Jacksonville
Florida,Fort Lauderdale
Florida,Fort Myers
Florida,Lake City
Florida,Leesburg
Georgia,Lithonia
Florida,Bradenton
Florida,Miami
Florida,Coral Gables
Florida,Tampa
Florida,Miami
Florida,West Palm Beach
Florida,Madison
Florida,Jacksonville
Florida,West Palm Beach
Florida,Fort Lauderdale
Florida,Niceville
Florida,Orlando
Florida,West Palm Beach
Florida,Lake Worth
Florida,New Port Richey
Florida,Pensacola
Florida,Winter Haven
Florida,Sarasota
Florida,Winter Park
Florida,Saint Leo
Florida,Clearwater
Florida,Gainesville
Florida,Sarasota
Florida,Sanford
Florida,Palatka
Florida,Avon Park
Florida,Tampa
Florida,Miami Gardens
Florida,DeLand
Florida,Lakeland
Florida,Tallahassee
Florida,Tampa
Florida,Largo
Florida,Tampa
Florida,Jacksonville
Florida,Trinity
Florida,Orlando
Florida,Lake Wales
Florida,Babson Park
Florida,Ocala
Florida,Pensacola
Georgia,Tifton
Georgia,Decatur
Georgia,Chamblee
Georgia,Albany
Georgia,Albany
Georgia,Albany
Georgia,Cuthbert
Georgia,Savannah
Georgia,Atlanta
Georgia,Atlanta
Georgia,West Point
Georgia,Atlanta
Georgia,Atlanta
Georgia,Augusta
Georgia,Bainbridge
Georgia,Atlanta
Georgia,Mount Berry
Georgia,Atlanta
Georgia,Gainesville
Georgia,Mount Vernon
Georgia,Atlanta
Georgia,Brunswick
Georgia,Waco
Georgia,Atlanta
Georgia,Morrow
Georgia,Columbus
Georgia,Columbus
Georgia,Rome
Georgia,Lookout Mountain
Georgia,Dalton
Georgia,Savannah
Georgia,Swainsboro
Georgia,Franklin Springs
Georgia,Atlanta
Georgia,Rome
Georgia,Fort Valley
Georgia,Atlanta
Georgia,Americus
Georgia,Milledgeville
Georgia,Milledgeville
Georgia,Statesboro
Georgia,Atlanta
Georgia,Athens
Georgia,Barnesville
Georgia,Griffin
Georgia,Decatur
Georgia,Lilburn
Georgia,Lawrenceville
Georgia,Kennesaw
Georgia,Lagrange
Georgia,Oakwood
Georgia,Marietta
Georgia,Marietta
Georgia,Atlanta
Georgia,Macon
Georgia,Atlanta
Georgia,Moultrie
Georgia,Clarkesville
Georgia,Atlanta
Georgia,Augusta
Georgia,Demorest
Georgia,Waleska
Georgia,Savannah
Georgia,Savannah
Georgia,Savannah
Georgia,Rome
Georgia,Americus
Georgia,Atlanta
Georgia,Marietta
Georgia,Thomasville
Georgia,Thomasville
Georgia,Toccoa Falls
Georgia,Cleveland
Georgia,Valdosta
Georgia,Valdosta
Georgia,Macon
Georgia,Carrollton
Georgia,Young Harris
Hawaii,Honolulu
Hawaii,Honolulu
Hawaii,Hilo
Hawaii,Honolulu
Hawaii,Honolulu
Hawaii,Honolulu
Hawaii,Honolulu
Hawaii,Lihue
Hawaii,Pearl City
Hawaii,Kahului
Hawaii,Kapolei
Hawaii,Kaneohe
Idaho,Boise
Idaho,Boise
Idaho,Boise
Idaho,Idaho Falls
Idaho,Pocatello
Idaho,Moscow
Idaho,Caldwell
Idaho,Lewiston
Idaho,Boise
Idaho,Coeur d'Alene
Idaho,Nampa
Idaho,Rexburg
Idaho,Twin Falls
Illinois,Chicago
Illinois,Chicago
Illinois,Rock Island
Illinois,Aurora
Illinois,Belleville
Illinois,Moline
Illinois,Carlinville
Illinois,Peoria
Illinois,Galesburg
Illinois,Chicago
Illinois,Chicago
Illinois,Chicago
Illinois,Chicago
Illinois,Chicago
Illinois,Chicago
Illinois,Chicago
Illinois,Chicago
Illinois,Chicago
Illinois,Chicago
Illinois,River Forest
Illinois,Chicago
Illinois,Chicago
Illinois,Danville
Illinois,Chicago
Illinois,Glen Ellyn
Illinois,Chicago
Illinois,Charleston
Illinois,Elgin
Illinois,Elmhurst
Illinois,Eureka
Illinois,Bedford Park
Illinois,Greenville
Illinois,Chicago
Illinois,Skokie
Illinois,Freeport
Illinois,Chicago
Illinois,Lisle
Illinois,Champaign
Illinois,Bloomington
Illinois,East Peoria
Illinois,Jacksonville
Illinois,Olney
Illinois,Chicago
Illinois,Chicago
Illinois,Normal
Illinois,Oglesby
Illinois,Chicago
Illinois,Carterville
Illinois,Quincy
Illinois,Joliet
Illinois,Elgin
Illinois,Kankakee
Illinois,Centralia
Illinois,Chicago
Illinois,Malta
Illinois,Galesburg
Illinois,Grayslake
Illinois,Lake Forest
Illinois,Mattoon
Illinois,Godfrey
Illinois,Romeoville
Illinois,Lincoln
Illinois,Lincoln
Illinois,Springfield
Illinois,Melrose Park
Illinois,Chicago
Illinois,Rock Island
Illinois,Chicago
Illinois,Jacksonville
Illinois,Crystal Lake
Illinois,Lebanon
Illinois,Peoria
Illinois,Peoria
Illinois,Decatur
Illinois,Monmouth
Illinois,Chicago
Illinois,Palos Hills
Illinois,Morrison
Illinois,Cicero
Illinois,Chicago
Illinois,Naperville
Illinois,Chicago
Illinois,Dekalb
Illinois,Chicago
Illinois,Evanston
Illinois,Chicago
Illinois,Des Plaines
Illinois,Bourbonnais
Illinois,Champaign
Illinois,Chicago Heights
Illinois,Quincy
Illinois,Quincy
Illinois,Chicago
Illinois,Ina
Illinois,Decatur
Illinois,Chicago
Illinois,Rockford
Illinois,Rockford
Illinois,Rockford
Illinois,Chicago
Illinois,River Forest
Illinois,Joliet
Illinois,Chicago
Illinois,Springfield
Illinois,Dixon
Illinois,Ullin
Illinois,Chicago
Illinois,Chicago
Illinois,Harrisburg
Illinois,Canton
Illinois,Carbondale
Illinois,Edwardsville
Illinois,Chicago
Illinois,South Holland
Illinois,Palos Heights
Illinois,Deerfield
Illinois,River Grove
Illinois,Chicago
Illinois,Sugar Grove
Illinois,Macomb
Illinois,Wheaton
Illinois,Palatine
Indiana,Donaldson
Indiana,Anderson
Indiana,Muncie
Indiana,Mishawaka
Indiana,Indianapolis
Indiana,Whiting
Indiana,Hobart
Indiana,Greencastle
Indiana,Richmond
Indiana,Evansville
Indiana,Franklin
Indiana,Goshen
Indiana,Winona Lake
Indiana,Hanover
Indiana,Notre Dame
Indiana,Huntington
Indiana,Indianapolis
Indiana,Fort Wayne
Indiana,Indianapolis
Indiana,Indianapolis
Indiana,Indianapolis
Indiana,Fort Wayne
Indiana,Evansville
Indiana,Terre Haute
Indiana,Kokomo
Indiana,South Bend
Indiana,Bloomington
Indiana,Gary
Indiana,New Albany
Indiana,Richmond
Indiana,Fort Wayne
Indiana,Indianapolis
Tennessee,Nashville
Indiana,Fort Wayne
Indiana,Indianapolis
Indiana,Merrillville
Indiana,Michigan City
Indiana,Indianapolis
Indiana,North Manchester
Indiana,Indianapolis
Indiana,Marion
Indiana,Indianapolis
Indiana,South Bend
Indiana,Notre Dame
Indiana,Oakland City
Indiana,Hammond
Indiana,Westville
Indiana,Terre Haute
Indiana,Fort Wayne
Indiana,Rensselaer
Indiana,Saint Mary of the Woods
Indiana,Notre Dame
Indiana,Hammond
Indiana,Upland
Indiana,Angola
Indiana,Valparaiso
Indiana,Vincennes
Indiana,Crawfordsville
Iowa,Waterloo
Iowa,Des Moines
Iowa,Sioux City
Iowa,Storm Lake
Iowa,Pella
Iowa,Dubuque
Iowa,Cedar Rapids
Iowa,Mount Vernon
Iowa,Ankeny
Iowa,Epworth
Iowa,Sioux Center
Iowa,Des Moines
Iowa,Dubuque
Iowa,Iowa Falls
Iowa,Dubuque
Iowa,Davenport
Iowa,Ankeny
Iowa,Lamoni
Iowa,Des Moines
Iowa,Grinnell
Iowa,Mason City
Iowa,Cedar Rapids
Iowa,Davenport
Iowa,Waterloo
Iowa,Ottumwa
Iowa,Fort Dodge
Iowa,Estherville
Iowa,Ames
Iowa,Mount Pleasant
Iowa,Council Bluffs
Iowa,Iowa City
Iowa,Cedar Rapids
Iowa,Dubuque
Iowa,Decorah
Iowa,Fairfield
Iowa,Marshalltown
Iowa,Des Moines
Iowa,Sioux City
Iowa,Cedar Rapids
Iowa,Clinton
Iowa,Mason City
Iowa,Cedar Falls
Iowa,Orange City
Iowa,Calmar
Iowa,Sheldon
Iowa,Davenport
Iowa,Sioux City
Iowa,Indianola
Iowa,West Burlington
Iowa,Creston
Iowa,Fayette
Iowa,Forest City
Iowa,Waverly
Iowa,Sioux City
Iowa,Oskaloosa
Kansas,Iola
Kansas,Baldwin City
Kansas,Great Bend
Kansas,Atchison
Kansas,Lindsborg
Kansas,North Newton
Kansas,Lenexa
Kansas,Salina
Kansas,Topeka
Kansas,El Dorado
Kansas,McPherson
Kansas,Concordia
Kansas,Coffeyville
Kansas,Colby
Kansas,Arkansas City
Kansas,Dodge City
Kansas,Kansas City
Kansas,Emporia
Kansas,Emporia
Kansas,Hays
Kansas,Haviland
Kansas,Wichita
Kansas,Fort Scott
Kansas,Garden City
Kansas,Lawrence
Kansas,Hesston
Kansas,Highland
Kansas,Hutchinson
Kansas,Independence
Kansas,Overland Park
Missouri,Kansas City
Kansas,Kansas City
Kansas,Lawrence
Kansas,Wichita
Kansas,Manhattan
Kansas,Salina
Kansas,Parsons
Kansas,Manhattan
Kansas,Manhattan
Kansas,McPherson
Kansas,Olathe
Kansas,Chanute
Kansas,Beloit
Kansas,Goodland
Kansas,Ottawa
Kansas,Pittsburg
Kansas,Pratt
Kansas,Leavenworth
Kansas,Salina
Kansas,Liberal
Kansas,Winfield
Kansas,Sterling
Kansas,Hillsboro
Kansas,Topeka
Kansas,Wichita
Kansas,Wichita
Kentucky,Pippa Passes
Kentucky,Wilmore
Kentucky,Ashland
Kentucky,Louisville
Kentucky,Berea
Kentucky,Bowling Green
Kentucky,Owensboro
Kentucky,Campbellsville
Kentucky,Lexington
Kentucky,Danville
Kentucky,Pineville
Kentucky,Louisville
Kentucky,Williamsburg
Kentucky,Richmond
Kentucky,Elizabethtown
Kentucky,Georgetown
Kentucky,Hazard
Kentucky,Henderson
Kentucky,Hopkinsville
Kentucky,Paducah
Kentucky,Louisville
Kentucky,Lexington
Kentucky,Frankfort
Kentucky,Owensboro
Kentucky,Lexington
Kentucky,Grayson
Kentucky,Columbia
Kentucky,Louisville
Kentucky,Louisville
Kentucky,Madisonville
Kentucky,Maysville
Kentucky,Mayfield
Kentucky,Midway
Kentucky,Morehead
Kentucky,Murray
Kentucky,Florence
Kentucky,Highland Heights
Kentucky,Owensboro
Kentucky,Paducah
Kentucky,Pikeville
Kentucky,Prestonsburg
Kentucky,Louisville
Kentucky,Saint Catharine
Kentucky,Fort Mitchell
Kentucky,Somerset
Kentucky,Cumberland
Kentucky,Louisville
Kentucky,Louisville
Kentucky,Louisville
Kentucky,Crestview Hills
Kentucky,Lexington
Kentucky,Barbourville
Kentucky,Bowling Green
Louisiana,Alexandria
Louisiana,Baton Rouge
Louisiana,Bossier City
Louisiana,New Orleans
Louisiana,Shreveport
Louisiana,New Orleans
Louisiana,Lake Charles
Louisiana,New Orleans
Louisiana,Chalmette
Louisiana,Grambling
Louisiana,Baton Rouge
Louisiana,Alexandria
Louisiana,Baton Rouge
Louisiana,Eunice
Louisiana,Shreveport
Louisiana,Lafayette
Louisiana,Pineville
Louisiana,Ruston
Louisiana,New Orleans
Louisiana,Lake Charles
Louisiana,New Orleans
Louisiana,Thibodaux
Louisiana,Monroe
Louisiana,Minden
Louisiana,Natchitoches
Louisiana,New Orleans
Louisiana,Baton Rouge
Louisiana,St. Benedict
Louisiana,Schriever
Louisiana,Lafayette
Louisiana,Lake Charles
Louisiana,Hammond
Louisiana,Baton Rouge
Louisiana,New Orleans
Louisiana,Shreveport
Louisiana,Lafayette
Louisiana,Bogalusa
Louisiana,New Orleans
Louisiana,New Orleans
Louisiana,Morgan City
Maine,S Portland
Maine,Bar Harbor
Maine,Lewiston
Maine,Bangor
Maine,Brunswick
Maine,Lewiston
Maine,Auburn
Maine,Waterville
Maine,Bangor
Maine,Bangor
Maine,Fairfield
Maine,Augusta
Maine,Farmington
Maine,Fort Kent
Maine,Machias
Maine,Orono
Maine,Castine
Maine,Presque Isle
Maine,Biddeford
Maine,Presque Isle
Maine,Portland
Maine,Standish
Maine,South Portland
Maine,Portland
Maine,Waterville
Maine,Unity
Maine,Calais
Maryland,Cumberland
Maryland,Arnold
Maryland,Towson
Maryland,Baltimore
Maryland,Baltimore
Maryland,Bowie
Maryland,Laurel
Maryland,North East
Maryland,La Plata
Maryland,Wye Mills
Maryland,Takoma Park
Maryland,Baltimore
Maryland,Frederick
Maryland,Frostburg
Maryland,McHenry
Maryland,Baltimore
Maryland,Hagerstown
Maryland,Hagerstown
Maryland,Bel Air
Maryland,Frederick
Maryland,Columbia
Maryland,Baltimore
Maryland,Columbia
Maryland,Baltimore
Maryland,Adelphi
Maryland,Baltimore
Maryland,College Park
Maryland,Baltimore
Maryland,Princess Anne
Maryland,Rockville
Maryland,Baltimore
Maryland,Emmitsburg
Maryland,Baltimore
Maryland,Baltimore
Maryland,Largo
Maryland,Baltimore
Maryland,Salisbury
Maryland,St. Mary's City
Maryland,Baltimore
Maryland,Annapolis
Maryland,Beltsville
Maryland,Towson
Maryland,Stevenson
Maryland,Chestertown
Maryland,Westminster
Maryland,Salisbury
Massachusetts,Springfield
Massachusetts,Amherst
Massachusetts,Paxton
Massachusetts,Worcester
Massachusetts,Wellesley
Massachusetts,Boston
Massachusetts,Longmeadow
Massachusetts,Boston
Massachusetts,Worcester
Massachusetts,Waltham
Massachusetts,Boston
Massachusetts,Pittsfield
Massachusetts,Boston
Massachusetts,Chestnut Hill
Massachusetts,Boston
Massachusetts,Boston
Massachusetts,Waltham
Massachusetts,Bridgewater
Massachusetts,Fall River
Massachusetts,Boston
Massachusetts,Cambridge
Massachusetts,West Barnstable
Massachusetts,Milton
Massachusetts,Worcester
Massachusetts,Milton
Massachusetts,Franklin
Massachusetts,Quincy
Massachusetts,Boston
Massachusetts,Boston
Massachusetts,Beverly
Massachusetts,Boston
Massachusetts,Fitchburg
Massachusetts,Framingham
Massachusetts,Boston
Massachusetts,Wenham
Massachusetts,Greenfield
Massachusetts,Amherst
Massachusetts,Cambridge
Massachusetts,Worcester
Massachusetts,Holyoke
Massachusetts,Newton
Massachusetts,Medford
Massachusetts,Cambridge
Massachusetts,Lowell
Massachusetts,Swampscott
Massachusetts,Amherst
Massachusetts,Boston
Massachusetts,Wellesley Hills
Massachusetts,Boston
Massachusetts,Boston
Massachusetts,Cambridge
Massachusetts,Buzzards Bay
Massachusetts,Brockton
Massachusetts,North Andover
Massachusetts,Bedford
Massachusetts,Beverly
Massachusetts,South Hadley
Massachusetts,Newton
Massachusetts,Gardner
Massachusetts,Boston
Massachusetts,Boston
Massachusetts,Brookline
Massachusetts,Dudley
Massachusetts,North Adams
Massachusetts,Danvers
Massachusetts,Brookline
Massachusetts,Boston
Massachusetts,Haverhill
Massachusetts,Chicopee
Massachusetts,Chestnut Hill
Massachusetts,Quincy
Massachusetts,Worcester
Massachusetts,Weston
Massachusetts,Roxbury Crossing
Massachusetts,Salem
Massachusetts,West Boylston
Massachusetts,Boston
Massachusetts,Great Barrington
Massachusetts,Northampton
Massachusetts,Springfield
Massachusetts,Springfield
Massachusetts,North Dartmouth
Massachusetts,Easton
Massachusetts,Boston
Massachusetts,Medford
Massachusetts,Wellesley
Massachusetts,Boston
Massachusetts,Springfield
Massachusetts,Westfield
Massachusetts,Norton
Massachusetts,Boston
Massachusetts,Williamstown
Massachusetts,Worcester
Massachusetts,Worcester
Michigan,Adrian
Michigan,Albion
Michigan,Alma
Michigan,Alpena
Michigan,Berrien Springs
Michigan,Grand Rapids
Michigan,Owosso
Michigan,Flint
Michigan,Escanaba
Michigan,Grand Rapids
Michigan,Mount Pleasant
Michigan,Flint
Michigan,Ann Arbor
Michigan,Ann Arbor
Michigan,Detroit
Michigan,Grand Rapids
Michigan,University Center
Michigan,Detroit
Michigan,Ypsilanti
Michigan,Big Rapids
Michigan,Centreville
Michigan,Flint
Michigan,Ironwood
Michigan,Wyoming
Michigan,Grand Rapids
Michigan,Grand Rapids
Michigan,Allendale
Michigan,Lansing
Michigan,Dearborn
Michigan,Holland
Michigan,Wyoming
Michigan,Jackson
Michigan,Kalamazoo
Michigan,Kalamazoo
Michigan,Battle Creek
Michigan,Roscommon
Michigan,Benton Harbor
Michigan,Sault Ste Marie
Michigan,Lansing
Michigan,Southfield
Michigan,Warren
Michigan,Livonia
Michigan,Detroit
Michigan,Rochester Hills
Michigan,Ann Arbor
Michigan,East Lansing
Michigan,Houghton
Michigan,Dearborn
Michigan,Flint
Michigan,Harrison
Michigan,Monroe
Michigan,Sidney
Michigan,Muskegon
Michigan,Muskegon
Michigan,Petoskey
Michigan,Marquette
Michigan,Traverse City
Michigan,Midland
Michigan,Bloomfield Hills
Michigan,Rochester Hills
Michigan,Olivet
Michigan,Grand Rapids
Michigan,Detroit
Michigan,University Center
Michigan,Livonia
Michigan,Adrian
Michigan,Port Huron
Michigan,Dowagiac
Michigan,Spring Arbor
Michigan,Hancock
Michigan,Ann Arbor
Michigan,Detroit
Michigan,Detroit
Michigan,Scottville
Michigan,Kalamazoo
Minnesota,Minneapolis
Minnesota,Alexandria
Minnesota,Anoka
Minnesota,Coon Rapids
Minnesota,Minneapolis
Minnesota,Austin
Minnesota,Bemidji
Minnesota,Bemidji
Minnesota,Mankato
Minnesota,Saint Paul
Minnesota,Brainerd
Minnesota,Northfield
Minnesota,Moorhead
Minnesota,Saint Paul
Minnesota,Rosemount
Minnesota,New Ulm
Minnesota,Duluth
Minnesota,Dultuh
Minnesota,Fergus Falls
Minnesota,Woodbury
Minnesota,Granite Falls
Minnesota,Saint Peter
Minnesota,Saint Paul
Minnesota,Brooklyn Park
Minnesota,Hibbing
Minnesota,Inver Grove Heights
Minnesota,Grand Rapids
Minnesota,Minneapolis
Minnesota,Saint Paul
Minnesota,North Mankato
Minnesota,Mankato
Minnesota,Eagan
Minnesota,Virginia
Minnesota,Saint Paul
Minnesota,Minneapolis
Minnesota,Crookston
Minnesota,Roseville
Minnesota,Minneapolis
Minnesota,Minneapolis
Minnesota,Minneapolis
Minnesota,Rochester
Minnesota,Duluth
Minnesota,Morris
Minnesota,Richfield
Minnesota,Moorhead
Minnesota,Brooklyn Park
Minnesota,Roseville
Minnesota,Mendota Heights
Minnesota,Bloomington
Minnesota,Minneapolis
Minnesota,Thief River Falls
Minnesota,Saint Paul
Minnesota,Bloomington
Minnesota,Bemidji
Minnesota,Pine City
Minnesota,International Falls
Minnesota,Rochester
Minnesota,Saint Joseph
Minnesota,Saint Cloud
Minnesota,Saint Cloud
Minnesota,Collegeville
Minnesota,Winona
Minnesota,Northfield
Minnesota,Saint Bonifacius
Minnesota,Duluth
Minnesota,Saint Paul
Minnesota,Saint Paul
Minnesota,St. Cloud
Minnesota,Saint Paul
Minnesota,Marshall
Minnesota,Ely
Minnesota,Minneapolis
Minnesota,Willmar
Minnesota,Winona
Minnesota,Winona
Minnesota,White Bear Lake
Mississippi,Alcorn State
Mississippi,Jackson
Mississippi,Blue Mountain
Mississippi,Clarksdale
Mississippi,Jackson
Mississippi,Wesson
Mississippi,Cleveland
Mississippi,Decatur
Mississippi,Scooba
Mississippi,Raymond
Mississippi,Goodman
Mississippi,Fulton
Mississippi,Jackson
Mississippi,Ellisville
Mississippi,Meridian
Mississippi,Jackson
Mississippi,Moorhead
Mississippi,University
Mississippi,Columbus
Mississippi,Itta Bena
Mississippi,Clinton
Mississippi,Perkinston
Mississippi,Mississippi State
Mississippi,Booneville
Mississippi,Senatobia
Mississippi,Poplarville
Mississippi,Holly Springs
Mississippi,Summit
Mississippi,Hattiesburg
Mississippi,Tougaloo
Mississippi,Hattiesburg
Missouri,Maryland Heights
Missouri,Kansas City
Missouri,Earth City
Missouri,Springfield
Missouri,Springfield
Missouri,Kansas City
Missouri,Moberly
Missouri,Fayette
Missouri,Warrensburg
Kansas,Overland Park
Missouri,Columbia
Missouri,Conception
Missouri,Nevada
Missouri,Neosho
Missouri,Canton
Missouri,Springfield
Missouri,Union
Missouri,Kansas City
Missouri,Springfield
Missouri,Saint Louis
Missouri,Springfield
Missouri,Hannibal
Missouri,Saint Louis
Missouri,Saint Louis
Missouri,Hillsboro
Missouri,Kansas City
Missouri,Jefferson City
Missouri,Saint Charles
Missouri,Linn
Missouri,Kansas City
Missouri,Saint Louis
Missouri,Cape Girardeau
Missouri,Fenton
Missouri,Kansas City
Missouri,Park Hills
Illinois,Chicago
Missouri,Saint Louis
Missouri,Brentwood
Missouri,Joplin
Missouri,Saint Charles
Missouri,Marshall
Missouri,Saint Joseph
Missouri,Columbia
Missouri,Kansas City
Missouri,Rolla
Missouri,Saint Louis
Missouri,Moberly
Missouri,Kirksville
Missouri,Maryville
Missouri,Joplin
Missouri,Point Lookout
Missouri,Parkville
Missouri,Saint Louis
Missouri,Saint Louis
Missouri,Kansas City
Missouri,Springfield
Missouri,Saint Louis
Missouri,Florissant
Missouri,Saint Louis
Missouri,Bolivar
Missouri,West Plains
Missouri,Saint Louis
Missouri,Sedalia
Missouri,Columbia
Missouri,Cape Girardeau
Missouri,Springfield
Missouri,Poplar Bluff
Missouri,Trenton
Missouri,Saint Louis
Missouri,Saint Louis
Missouri,Lexington
Missouri,Fulton
Missouri,Liberty
Missouri,Fulton
Montana,Browning
Montana,Butte
Montana,Helena
Montana,Glendive
Montana,Lame Deer
Montana,Billings
Montana,Kalispell
Montana,Harlem
Montana,Poplar
Montana,Great Falls
Montana,Great Falls
Montana,Helena
Montana,Crow Agency
Montana,Miles City
Montana,Butte
Montana,Bozeman
Montana,Missoula
Montana,Havre
Montana,Billings
Montana,Pablo
Montana,Dillon
Nebraska,Bellevue
Nebraska,Omaha
Nebraska,Lincoln
Nebraska,Grand Island
Nebraska,Chadron
Nebraska,Seward
Nebraska,Omaha
Nebraska,Crete
Nebraska,Omaha
Nebraska,Hastings
Nebraska,Kearney
Nebraska,Lincoln
Nebraska,Omaha
Nebraska,Omaha
Nebraska,North Platte
Nebraska,Fremont
Nebraska,Papillion
Nebraska,Omaha
Nebraska,Omaha
Nebraska,Macy
Nebraska,Lincoln
Nebraska,Lincoln
Nebraska,Norfolk
Nebraska,Peru
Nebraska,Omaha
Nebraska,Lincoln
Nebraska,Lincoln
Nebraska,Omaha
Nebraska,Curtis
Nebraska,Wayne
Nebraska,Scottsbluff
Nebraska,York
Nevada,Sparks
Nevada,Las Vegas
Nevada,Henderson
Nevada,Henderson
Nevada,Las Vegas
Nevada,Reno
Nevada,Elko
Nevada,Reno
Nevada,Incline Village
Nevada,Reno
Nevada,Carson City
New Hampshire,New London
New Hampshire,Nashua
New Hampshire,Hanover
New Hampshire,Rindge
New Hampshire,Manchester
New Hampshire,Lebanon
New Hampshire,Henniker
New Hampshire,Manchester
New Hampshire,Durham
New Hampshire,Keene
New Hampshire,Manchester
New Hampshire,Plymouth
New Hampshire,Concord
New Hampshire,Berlin
New Hampshire,Claremont
New Hampshire,Laconia
New Hampshire,Manchester
New Hampshire,Nashua
New Hampshire,Portsmouth
New Hampshire,Nashua
New Hampshire,Manchester
New Hampshire,Nashua
New Hampshire,Concord
New Jersey,Mays Landing
New Jersey,Paramus
New Jersey,Woodland Park
New Jersey,Bloomfield
New Jersey,Lincroft
New Jersey,Pemberton
New Jersey,Caldwell
New Jersey,Blackwood
New Jersey,Hackettstown
New Jersey,Randolph
New Jersey,Vineland
New Jersey,Madison
New Jersey,Newark
New Jersey,Teaneck
New Jersey,Lodi
New Jersey,Madison
New Jersey,Lakewood
New Jersey,Glassboro
New Jersey,Sewell
New Jersey,Ramsey
New Jersey,Jersey City
New Jersey,Jersey City
New Jersey,Union
New Jersey,West Windsor
New Jersey,Edison
New Jersey,West Long Branch
New Jersey,Montclair
New Jersey,Newark
New Jersey,Toms River
New Jersey,Paterson
New Jersey,Princeton
New Jersey,Morristown
New Jersey,Mahwah
New Jersey,Lawrenceville
New Jersey,Camden
New Jersey,New Brunswick
New Jersey,Newark
New Jersey,Jersey City
New Jersey,Carneys Point
New Jersey,South Orange
New Jersey,Morristown
New Jersey,Branchburg
New Jersey,Hoboken
New Jersey,Galloway
New Jersey,Ewing
New Jersey,Cranford
New Jersey,Wayne
New Mexico,Albuquerque
New Mexico,Crownpoint
New Mexico,Las Cruces
New Mexico,Clovis
New Mexico,Portales
New Mexico,Roswell
New Mexico,Santa Fe
New Mexico,Las Vegas
New Mexico,Hobbs
New Mexico,Roswell
New Mexico,Gallup
New Mexico,Socorro
New Mexico,Los Alamos
New Mexico,Albuquerque
New Mexico,Alamogordo
New Mexico,Carlsbad
New Mexico,Grants
New Mexico,Las Cruces
New Mexico,Los Lunas
New Mexico,Espanola
New Mexico,Farmington
New Mexico,Santa Fe
New Mexico,Santa Fe
New Mexico,Hobbs
New Mexico,Albuquerque
New Mexico,Ranchos de Taos
New Mexico,Tucumcari
New Mexico,Silver City
New York,Flushing
New York,Garden City
New York,Queensbury
New York,New York
New York,Albany
New York,Albany
New York,Alfred
New York,New York
New York,New York
New York,New York
New York,Annandale-On-Hudson
New York,New York
New York,New York
New York,New York
New York,New York
New York,Forest Hills
New York,Bethpage
New York,Binghamton
New York,Getzville
New York,Liverpool
New York,Syracuse
New York,Buffalo
New York,Rochester
New York,Valley Stream
New York,Buffalo
New York,Rego Park
New York,Auburn
New York,Cazenovia
New York,Brooklyn
New York,Potsdam
New York,Plattsburgh
New York,Hamilton
New York,New York
New York,New York
New York,Hudson
New York,Bronxville
New York,New York
New York,Ithaca
New York,Corning
New York,Syracuse
New York,Hyde Park
New York,New York
New York,New York
New York,Bronx
New York,Brooklyn
New York,Staten Island
New York,New York
New York,Bronx
New York,New York
New York,New York
New York,Brooklyn
New York,Long Island City
New York,Bronx
New York,Brooklyn
New York,Brooklyn
New York,Flushing
New York,Bayside
New York,Jamaica
New York,Buffalo
New York,Amherst
New York,Orangeburg
New York,Oakdale
New York,Poughkeepsie
New York,Schenectady
New York,Elmira
New York,Elmira
New York,Buffalo
New York,New York
New York,Canandaigua
New York,Dix Hills
New York,Bronx
New York,Johnstown
New York,Batavia
New York,Clinton
New York,Oneonta
New York,New York
New York,Herkimer
New York,Hamburg
New York,Geneva
New York,Hempstead
New York,Houghton
New York,Troy
New York,Brooklyn
New York,New Rochelle
New York,Amityville
New York,Ithaca
New York,Jamestown
New York,Jamestown
New York,Watertown
New York,New York
New York,New York
New York,Melville
New York,Ossining
New York,Keuka Park
New York,New York
New York,Syracuse
New York,Brooklyn
New York,Brookville
New York,Flushing
New York,Brooklyn
New York,New York
New York,Riverdale
New York,New York
New York,Purchase
New York,Albany
New York,Poughkeepsie
New York,New York
New York,Buffalo
New York,Albany
New York,Dobbs Ferry
New York,Brooklyn
New York,Albany
New York,Brooklyn
New York,Utica
New York,Rockville Centre
New York,Bronx
New York,Rochester
New York,Newburgh
New York,Bronx
New York,Garden City
New York,Rochester
New York,New Rochelle
New York,New York
New York,New York
New York,Sanborn
New York,Niagara University
New York,Saranac Lake
New York,Old Westbury
New York,New York
New York,Nyack
New York,Syracuse
New York,Middletown
New York,New York
New York,Paul Smiths
New York,Jackson Heights
New York,Brooklyn
New York,Johnson City
New York,Brooklyn
New York,New York
New York,Brooklyn
New York,Brooklyn
New York,Flushing
New York,Troy
New York,Rochester
New York,Rochester
New York,Rochester
New York,Rochester
New York,Suffern
New York,Troy
New York,Saint Bonaventure
New York,Brooklyn Heights
New York,Syracuse
New York,Canton
New York,Albany
New York,Sparkill
New York,Troy
New York,Bronxville
New York,Schenectady
New York,Lawrence
New York,Loudonville
New York,Saratoga Springs
New York,Brooklyn
New York,Utica
New York,Rochester
New York,Staten Island
New York,Queens
New York,New York
New York,Loch Sheldrake
New York,Alfred
New York,Canton
New York,Delhi
New York,Cobleskill
New York,Farmingdale
New York,Morrisville
New York,Albany
New York,Vestal
New York,Buffalo
New York,Stony Brook
New York,Syracuse
New York,Utica
New York,Brockport
New York,Buffalo
New York,Cortland
New York,Fredonia
New York,Geneseo
New York,New Paltz
New York,Oneonta
New York,Oswego
New York,Potsdam
New York,Purchase
New York,Old Westbury
New York,Plattsburgh
New York,Saratoga Springs
New York,Throggs Neck
New York,New York
New York,Syracuse
New York,Brooklyn
New York,New York
New York,Dryden
New York,Brooklyn
New York,New York
New York,Buffalo
New York,Stone Ridge
New York,Schenectady
New York,Brooklyn
New York,Kings Point
New York,Utica
New York,Utica
New York,Poughkeepsie
New York,Buffalo
New York,New York
New York,Staten Island
New York,Aurora
New York,White Plains
New York,Valhalla
New York,New  York
New York,Brooklyn
New York,Brooklyn
New York,Brooklyn
New York,Mount Kisco
New York,New York
New York,Monsey
New York,South Fallsburgh
North Carolina,Elizabeth City
North Carolina,Charlotte
North Carolina,Polkton
North Carolina,Boone
North Carolina,Asheville
North Carolina,Wilson
North Carolina,Washington
North Carolina,Belmont
North Carolina,Greensboro
North Carolina,Dublin
North Carolina,Flat Rock
North Carolina,Brevard
North Carolina,Bolivia
North Carolina,Concord
North Carolina,Hudson
North Carolina,Buies Creek
North Carolina,Wilmington
North Carolina,Morehead City
North Carolina,Salisbury
North Carolina,Hickory
North Carolina,Asheville
North Carolina,Sanford
North Carolina,Charlotte
North Carolina,Murfreesboro
North Carolina,Shelby
North Carolina,Jacksonville
North Carolina,New Bern
North Carolina,Thomasville
North Carolina,Davidson
North Carolina,Durham
North Carolina,Durham
North Carolina,Greenville
North Carolina,Tarboro
North Carolina,Elizabeth City
North Carolina,Elon
North Carolina,Fayetteville
North Carolina,Fayetteville
North Carolina,Winston Salem
North Carolina,Boiling Springs
North Carolina,Dallas
North Carolina,Greensboro
North Carolina,Greensboro
North Carolina,Jamestown
North Carolina,Weldon
North Carolina,Clyde
North Carolina,High Point
North Carolina,Spindale
North Carolina,Kenansville
North Carolina,High Point
North Carolina,Charlotte
North Carolina,Smithfield
North Carolina,Banner Elk
North Carolina,Kinston
North Carolina,Hickory
North Carolina,Salisbury
North Carolina,Louisburg
North Carolina,Mars Hill
North Carolina,Williamston
North Carolina,Spruce Pine
North Carolina,Marion
North Carolina,Raleigh
North Carolina,Fayetteville
North Carolina,Wilmington
North Carolina,Statesville
North Carolina,Troy
North Carolina,Montreat
North Carolina,Mount Olive
North Carolina,Rocky Mount
North Carolina,Greensboro
North Carolina,Asheville
North Carolina,Chapel Hill
North Carolina,Charlotte
North Carolina,Greensboro
North Carolina,Durham
North Carolina,Winston-Salem
North Carolina,Raleigh
North Carolina,Rocky Mount
North Carolina,Wilmington
North Carolina,Grantsboro
North Carolina,Raleigh
North Carolina,Pembroke
North Carolina,Misenheimer
North Carolina,Winston Salem
North Carolina,Roxboro
North Carolina,Winterville
North Carolina,Charlotte
North Carolina,Asheboro
North Carolina,Hamlet
North Carolina,Elizabeth City
North Carolina,Ahoskie
North Carolina,Lumberton
North Carolina,Wentworth
North Carolina,Salisbury
North Carolina,Raleigh
North Carolina,Winston Salem
North Carolina,Clinton
North Carolina,Pinehurst
North Carolina,Raleigh
North Carolina,Laurinburg
North Carolina,Whiteville
North Carolina,Sylva
North Carolina,Albemarle
North Carolina,Dobson
North Carolina,Graham
North Carolina,Murphy
North Carolina,Henderson
North Carolina,Winston Salem
North Carolina,Raleigh
North Carolina,Swannanoa
North Carolina,Goldsboro
North Carolina,Morganton
North Carolina,Wilkesboro
North Carolina,Wilson
North Carolina,Wingate
North Carolina,Winston-Salem
North Carolina,Cullowhee
North Dakota,Fargo
North Dakota,Bismarck
North Dakota,Dickinson
North Dakota,New Town
North Dakota,Jamestown
North Dakota,Devils Lake
North Dakota,Fort Totten
North Dakota,Bismarck
North Dakota,Mayville
North Dakota,Minot
North Dakota,Grand Forks
North Dakota,Wahpeton
North Dakota,Bottineau
North Dakota,Fargo
North Dakota,Williston
North Dakota,Fort Yates
North Dakota,Ellendale
North Dakota,Belcourt
North Dakota,Bismarck
North Dakota,Valley City
Ohio,Niles
Ohio,Independence
Ohio,Akron
Ohio,Akron
Ohio,Orrville
Ohio,Cincinnati
Ohio,Cincinnati
Ohio,Ashland
Ohio,Canton
Ohio,Berea
Ohio,Saint Clairsville
Ohio,Bluffton
Ohio,Ravenna
Ohio,Huron
Ohio,Bowling Green
Ohio,Parma
Ohio,Columbus
Ohio,Cleveland
Ohio,Cedarville
Ohio,Newark
Ohio,Wilberforce
Ohio,Saint Martin
Ohio,Cincinnati
Ohio,Cincinnati
Ohio,Cincinnati
Ohio,Cincinnati
Ohio,Batavia
Ohio,Blue Ash
Ohio,Circleville
Ohio,Springfield
Ohio,Cleveland
Ohio,Cleveland
Ohio,Cleveland
Ohio,Columbus
Ohio,Columbus
Ohio,Columbus
Ohio,Cleveland
Ohio,Toledo
Ohio,Dayton
Ohio,Defiance
Ohio,Granville
Ohio,Piqua
Ohio,Cleveland
Ohio,Findlay
Ohio,Columbus
Ohio,Cincinnati
Ohio,Cincinnati
Ohio,Tiffin
Ohio,Hiram
Ohio,Nelsonville
Ohio,Dayton
Ohio,Steubenville
Ohio,University Heights
Ohio,Westerville
Ohio,Ashtabula
Ohio,East Liverpool
Ohio,Canton
Ohio,Warren
Ohio,New Philadelphia
Ohio,Salem
Ohio,Kent
Ohio,Burton
Ohio,Gambier
Ohio,Kettering
Ohio,Painesville
Ohio,Kirtland
Ohio,Lima
Ohio,Sheffield Village
Ohio,Sandusky
Ohio,Elyria
Ohio,Sylvania
Ohio,Canton
Ohio,Marietta
Ohio,Marion
Ohio,Toledo
Ohio,Hamilton
Ohio,Middletown
Ohio,Oxford
Ohio,Dayton
Ohio,Columbus
Ohio,Alliance
Ohio,Mount Vernon
Ohio,Cincinnati
Ohio,Zanesville
Ohio,New Concord
Ohio,Cuyahoga Falls
Ohio,Canton
Ohio,Mansfield
Ohio,Archbold
Ohio,Cleveland
Ohio,Lima
Ohio,Oberlin
Ohio,Akron
Ohio,Cleveland
Ohio,Columbus
Ohio,Dayton
Ohio,Ada
Ohio,Wooster
Ohio,Lima
Ohio,Mansfield
Ohio,Marion
Ohio,Newark
Ohio,Columbus
Ohio,Saint Clairsville
Ohio,Chillicothe
Ohio,Ironton
Ohio,Lancaster
Ohio,Athens
Ohio,Zanesville
Ohio,East Liverpool
Ohio,Delaware
Ohio,Westerville
Ohio,Perrysburg
Ohio,Columbus
Ohio,Maumee
Ohio,Centerville
Ohio,Rio Grande
Ohio,Kettering
Ohio,Portsmouth
Ohio,Dayton
Ohio,Gallipolis
Ohio,New Boston
Ohio,Lancaster
Ohio,Chillicothe
Ohio,Cincinnati
Ohio,Akron
Ohio,Cincinnati
Ohio,Dayton
Ohio,North Canton
Ohio,Maumee
Ohio,Steubenville
Ohio,Hillsboro
Ohio,Cincinnati
Ohio,Fremont
Ohio,Tiffin
Ohio,Toledo
Ohio,Brooklyn
Ohio,Warren
Ohio,Cincinnati
Ohio,Urbana
Ohio,Pepper Pike
Ohio,Lakewood
Ohio,North Canton
Ohio,Marietta
Ohio,Wilberforce
Ohio,Wilmington
Ohio,Springfield
Ohio,Wooster
Ohio,Dayton
Ohio,Celina
Ohio,Cincinnati
Ohio,Youngstown
Ohio,Youngstown
Oklahoma,Muskogee
Oklahoma,Bartlesville
Oklahoma,Bethany
Oklahoma,Lawton
Oklahoma,Poteau
Oklahoma,Edmond
Oklahoma,Warner
Oklahoma,Ada
Oklahoma,Wilburton
Oklahoma,El Reno
Oklahoma,Moore
Oklahoma,Langston
Oklahoma,Tishomingo
Oklahoma,Tulsa
Oklahoma,Tahlequah
Oklahoma,Tonkawa
Oklahoma,Miami
Oklahoma,Alva
Oklahoma,Edmond
Oklahoma,Goodwell
Oklahoma,Stillwater
Oklahoma,Oklahoma City
Oklahoma,Shawnee
Oklahoma,Oklahoma City
Oklahoma,Oklahoma City
Oklahoma,Norman
Oklahoma,Okmulgee
Oklahoma,Tulsa
Oklahoma,Oklahoma City
Oklahoma,Claremore
Oklahoma,Midwest City
Oklahoma,Shawnee
Oklahoma,Chickasha
Oklahoma,Seminole
Oklahoma,Durant
Oklahoma,Bethany
Oklahoma,Weatherford
Oklahoma,Tulsa
Oklahoma,Tulsa
Oklahoma,Tulsa
Oklahoma,Altus
Oregon,Portland
Oregon,Pendleton
Oregon,Bend
Oregon,Salem
Oregon,Oregon City
Oregon,Astoria
Oregon,Portland
Oregon,Portland
Oregon,La Grande
Oregon,Eugene
Oregon,Newberg
Oregon,Portland
Oregon,Eugene
Oregon,Portland
Oregon,McMinnville
Oregon,Albany
Oregon,Marylhurst
Oregon,Saint Benedict
Oregon,Gresham
Oregon,Portland
Oregon,Eugene
Oregon,Klamath Falls
Oregon,Portland
Oregon,Corvallis
Oregon,Eugene
Oregon,Portland
Oregon,Forest Grove
Oregon,Portland
Oregon,Portland
Oregon,Portland
Oregon,Portland
Oregon,Grants Pass
Oregon,Wilsonville
Oregon,Ashland
Oregon,Coos Bay
Oregon,Ontario
Oregon,Roseburg
Oregon,Portland
Oregon,Salem
Oregon,Portland
Oregon,Salem
Oregon,Monmouth
Pennsylvania,Bryn Athyn
Pennsylvania,Reading
Pennsylvania,Pittsburgh
Pennsylvania,Meadville
Pennsylvania,Center Valley
Pennsylvania,Reading
Pennsylvania,Erdenheim
Pennsylvania,York
Pennsylvania,Philadelphia
Pennsylvania,Pittsburgh
Pennsylvania,Clarks Summit
Pennsylvania,Monaca
Pennsylvania,Glenside
Pennsylvania,Pittsburgh
Pennsylvania,Bloomsburg
Pennsylvania,Pittsburgh
Pennsylvania,Bryn Mawr
Pennsylvania,Lewisburg
Pennsylvania,Newtown
Pennsylvania,Feasterville
Pennsylvania,Butler
Pennsylvania,Radnor
Pennsylvania,California
Pennsylvania,Johnstown
Pennsylvania,Pittsburgh
Pennsylvania,Pittsburgh
Pennsylvania,Allentown
Pennsylvania,Summerdale
Pennsylvania,Pittsburgh
Pennsylvania,Philadelphia
Pennsylvania,Cheyney
Pennsylvania,Philadelphia
Pennsylvania,Clarion
Pennsylvania,York
Pennsylvania,Philadelphia
Pennsylvania,Pittsburgh
Pennsylvania,Media
Pennsylvania,Doylestown
Pennsylvania,Carlisle
Pennsylvania,Monessen
Pennsylvania,Philadelphia
Pennsylvania,Du Bois
Pennsylvania,Pittsburgh
Pennsylvania,Pittsburgh
Pennsylvania,East Stroudsburg
Pennsylvania,Saint Davids
Pennsylvania,Edinboro
Pennsylvania,Elizabethtown
Pennsylvania,Erie
Pennsylvania,Erie
Pennsylvania,Lancaster
Pennsylvania,Erie
Pennsylvania,Beaver Falls
Pennsylvania,Gettysburg
Pennsylvania,Gwynedd Valley
Pennsylvania,Bryn Mawr
Pennsylvania,Harrisburg
Pennsylvania,Haverford
Pennsylvania,Johnstown
Pennsylvania,Philadelphia
Pennsylvania,Philadelphia
Pennsylvania,Pittsburgh
Pennsylvania,Immaculata
Pennsylvania,Indiana
Pennsylvania,Scranton
Pennsylvania,Huntingdon
Pennsylvania,La Plume
Pennsylvania,Wilkes-Barre
Pennsylvania,Kutztown
Pennsylvania,Pittsburgh
Pennsylvania,Philadelphia
Pennsylvania,Scranton
Pennsylvania,Easton
Pennsylvania,Lancaster
Pennsylvania,North Wales
Pennsylvania,Annville
Pennsylvania,Schnecksville
Pennsylvania,Wyomissing
Pennsylvania,Bethlehem
Pennsylvania,Allentown
Pennsylvania,Philadelphia
Pennsylvania,Lincoln University
Pennsylvania,Lock Haven
Pennsylvania,Nanticoke
Pennsylvania,Williamsport
Pennsylvania,Jenkintown
Pennsylvania,Mansfield
Pennsylvania,Scranton
Pennsylvania,Pittsburgh
Pennsylvania,Erie
Pennsylvania,Mechanicsburg
Pennsylvania,Philadelphia
Pennsylvania,Millersville
Pennsylvania,Dallas
Pennsylvania,Blue Bell
Pennsylvania,Philadelphia
Pennsylvania,Bethlehem
Pennsylvania,Cresson
Pennsylvania,Allentown
Pennsylvania,Aston
Pennsylvania,New Castle
Pennsylvania,Bethlehem
Pennsylvania,Philadelphia
Pennsylvania,Media
Pennsylvania,Erie
Pennsylvania,New Kensington
Pennsylvania,Sharon
Pennsylvania,Lehman
Pennsylvania,Dunmore
Pennsylvania,Center Valley
Pennsylvania,Altoona
Pennsylvania,Monaca
Pennsylvania,Reading
Pennsylvania,Middletown
Pennsylvania,Media
Pennsylvania,DuBois
Pennsylvania,Lemont Furnace
Pennsylvania,Hazleton
Pennsylvania,University Park
Pennsylvania,McKeesport
Pennsylvania,Mont Alto
Pennsylvania,Abington
Pennsylvania,Schuylkill Haven
Pennsylvania,York
Pennsylvania,Reading
Pennsylvania,Philadelphia
Pennsylvania,Washington
Pennsylvania,Bristol
Pennsylvania,Philadelphia
Pennsylvania,Lancaster
Pennsylvania,Philadelphia
Pennsylvania,Philadelphia
Pennsylvania,Philadelphia
Pennsylvania,Langhorne
Pennsylvania,Philadelphia
Pennsylvania,Philadelphia
Pennsylvania,Bradford
Pennsylvania,Greensburg
Pennsylvania,Johnstown
Pennsylvania,Pittsburgh
Pennsylvania,Titusville
Pennsylvania,West Mifflin
Pennsylvania,Pittsburgh
Pennsylvania,Oakdale
Pennsylvania,Upper Darby
Pennsylvania,Pittsburgh
Pennsylvania,Reading
Pennsylvania,Philadelphia
Pennsylvania,Broomall
Pennsylvania,Moon Township
Pennsylvania,Pittsburgh
Pennsylvania,Rosemont
Pennsylvania,Loretto
Pennsylvania,Philadelphia
Pennsylvania,Latrobe
Pennsylvania,Scranton
Pennsylvania,Greensburg
Pennsylvania,Sharon
Pennsylvania,Shippensburg
Pennsylvania,Slippery Rock
Pennsylvania,Wynnewood
Pennsylvania,State College
Pennsylvania,Selinsgrove
Pennsylvania,Swarthmore
Pennsylvania,Lancaster
Pennsylvania,Philadelphia
Pennsylvania,Philadelphia
Pennsylvania,Greenville
Pennsylvania,Erie
Pennsylvania,Erie
Pennsylvania,Pittsburgh
Pennsylvania,Greensburg
Pennsylvania,DuBois
Pennsylvania,Collegeville
Pennsylvania,Phoenixville
Pennsylvania,Wayne
Pennsylvania,Villanova
Pennsylvania,Washington
Pennsylvania,Waynesburg
Pennsylvania,West Chester
Pennsylvania,Pittsburgh
Pennsylvania,New Wilmington
Pennsylvania,Youngwood
Pennsylvania,Chester
Pennsylvania,Wilkes-Barre
Pennsylvania,Chambersburg
Pennsylvania,York
Pennsylvania,York
Pennsylvania,York
Rhode Island,Providence
Rhode Island,Smithfield
Rhode Island,Providence
Rhode Island,East Greenwich
Rhode Island,Providence
Rhode Island,Providence
Rhode Island,Warwick
Rhode Island,Kingston
Rhode Island,Providence
Rhode Island,Bristol
Rhode Island,Newport
Massachusetts,Haverhill
South Carolina,Graniteville
South Carolina,Columbia
South Carolina,Anderson
South Carolina,Charleston
South Carolina,Beaufort
South Carolina,Columbia
South Carolina,Greenville
South Carolina,Central
South Carolina,Charleston
South Carolina,Cheraw
South Carolina,Charleston
South Carolina,Orangeburg
South Carolina,Clemson
South Carolina,Rock Hill
South Carolina,Hartsville
South Carolina,Columbia
South Carolina,Columbia
South Carolina,Spartanburg
South Carolina,Denmark
South Carolina,Due West
South Carolina,Florence
South Carolina,Anderson
South Carolina,Florence
South Carolina,Greenville
South Carolina,Greenville
South Carolina,Conway
South Carolina,Greenwood
South Carolina,Gaffney
South Carolina,West Columbia
South Carolina,Sumter
South Carolina,Newberry
South Carolina,Tigerville
South Carolina,Orangeburg
South Carolina,Greenwood
South Carolina,Clinton
South Carolina,Aiken
South Carolina,Bluffton
South Carolina,Columbia
South Carolina,Lancaster
South Carolina,Allendale
South Carolina,Sumter
South Carolina,Union
South Carolina,Conway
South Carolina,Orangeburg
South Carolina,Spartanburg
South Carolina,Spartanburg
South Carolina,Spartanburg
South Carolina,Sumter
South Carolina,Pendleton
South Carolina,Charleston
South Carolina,Denmark
South Carolina,Kingstree
South Carolina,Rock Hill
South Carolina,Spartanburg
South Carolina,Rock Hill
South Dakota,Sioux Falls
South Dakota,Spearfish
South Dakota,Sioux Falls
South Dakota,Madison
South Dakota,Mitchell
South Dakota,Watertown
South Dakota,Mitchell
South Dakota,Yankton
South Dakota,Rapid City
South Dakota,Sioux Falls
South Dakota,Aberdeen
South Dakota,Kyle
South Dakota,Aberdeen
South Dakota,Rapid City
South Dakota,Brookings
South Dakota,Mission
South Dakota,Sioux Falls
South Dakota,Sisseton
South Dakota,Sioux Falls
South Dakota,Vermillion
South Dakota,Rapid City
Tennessee,Nashville
Tennessee,Nashville
Tennessee,Clarksville
Tennessee,Memphis
Tennessee,Nashville
Tennessee,McKenzie
Tennessee,Dayton
Tennessee,Jefferson City
Tennessee,Chattanooga
Tennessee,Memphis
Tennessee,Cleveland
Tennessee,Columbia
Tennessee,Memphis
Tennessee,Lebanon
Tennessee,Nashville
Tennessee,Nashville
Tennessee,Dyersburg
Tennessee,Johnson City
Tennessee,Chattanooga
Tennessee,Nashville
Tennessee,Nashville
Tennessee,Henderson
Tennessee,Madisonville
Tennessee,Jackson
Tennessee,Nashville
Tennessee,Knoxville
Tennessee,Bristol
Tennessee,Knoxville
Tennessee,Jackson
Tennessee,Memphis
Tennessee,Cleveland
Tennessee,Harrogate
Tennessee,Pulaski
Tennessee,Maryville
Tennessee,Memphis
Tennessee,Memphis
Tennessee,Memphis
Tennessee,Murfreesboro
Tennessee,Milligan College
Tennessee,Tullahoma
Tennessee,Nashville
Tennessee,Nashville
Tennessee,Franklin
Tennessee,Memphis
Tennessee,Harriman
Tennessee,Memphis
Tennessee,Sewanee
Tennessee,Knoxville
Tennessee,Collegedale
Tennessee,Athens
Tennessee,Chattanooga
Tennessee,Knoxville
Tennessee,Martin
Tennessee,Knoxville
Tennessee,Nashville
Tennessee,Cookeville
Tennessee,Chattanooga
Tennessee,Nashville
Tennessee,Blountville
Tennessee,Greeneville
Tennessee,Jackson
Tennessee,Nashville
Tennessee,Gallatin
Tennessee,Morristown
Tennessee,Jackson
Tennessee,Memphis
Texas,Abilene
Texas,Alvin
Texas,Amarillo
Texas,Lufkin
Texas,San Angelo
Texas,Arlington
Texas,Houston
Texas,Sherman
Texas,Austin
Texas,Waco
Texas,Beeville
Texas,Brenham
Texas,Garland
Texas,Houston
Texas,Lake Jackson
Texas,Farmers Branch
Texas,Lancaster
Texas,Killeen
Texas,Cisco
Texas,Clarendon
Texas,Austin
Texas,Gainesville
Texas,Corpus Christi
Texas,Dallas
Texas,Dallas
Texas,Dallas
Texas,Dallas
Texas,Irving
Texas,Corpus Christi
Texas,San Antonio
Texas,Marshall
Texas,Texarkana
Texas,Commerce
Texas,Mesquite
Texas,Dallas
Texas,El Paso
Texas,El Paso
Texas,El Paso
Texas,Dallas
Texas,Borger
Texas,Galveston
Texas,Denison
Texas,San Antonio
Texas,Abilene
Texas,Athens
Texas,Hillsboro
Texas,Houston
Texas,Houston
Texas,Houston
Texas,Victoria
Texas,Houston
Texas,Big Spring
Texas,Brownwood
Texas,Austin
Texas,San Antonio
Texas,El Paso
Texas,El Paso
Texas,Arlington
Texas,Houston
Texas,Jacksonville
Texas,Hawkins
Texas,Dallas
Texas,Kilgore
Texas,Beaumont
Texas,Orange
Texas,Port Arthur
Texas,Laredo
Texas,Laredo
Texas,Baytown
Texas,Longview
Texas,Grand Prairie
Texas,Lubbock
Texas,Texas City
Texas,Belton
Texas,Waco
Texas,Abilene
Texas,Midland
Texas,Wichita Falls
Texas,Dallas
Texas,Dallas
Texas,Corsicana
Texas,The Woodlands
Texas,Irving
Texas,Denton
Texas,Mount Pleasant
Texas,Cedar Hill
Texas,Odessa
Texas,San Antonio
Texas,Edinburg
Texas,Brownsville
Texas,Carthage
Texas,Paris
Texas,Dallas
Texas,Prairie View
Texas,Ranger
Texas,Houston
Texas,Dallas
Texas,McAllen
Texas,Austin
Texas,San Antonio
Texas,Houston
Texas,Huntsville
Texas,San Antonio
Texas,Pasadena
Texas,Kerrville
Texas,San Antonio
Texas,Levelland
Texas,Dallas
Texas,Uvalde
Texas,Waxahachie
Texas,Georgetown
Texas,Nacogdoches
Texas,San Marcos
Texas,Keene
Texas,Terrell
Texas,Alpine
Texas,Stephenville
Texas,Fort Worth
Texas,Temple
Texas,Waco
Texas,Texarkana
Texas,Kingsville
Texas,College Station
Texas,Arlington
Texas,Austin
Texas,Richardson
Texas,El Paso
Texas,Tyler
Texas,Fort Worth
Texas,Tyler
Texas,Seguin
Texas,Odessa
Texas,San Antonio
Texas,Houston
Texas,Houston
Texas,Lubbock
Texas,Fort Worth
Texas,Denton
Texas,San Antonio
Texas,Harlingen
Texas,Sweetwater
Texas,Tyler
Texas,Vernon
Texas,Victoria
Texas,Plainview
Texas,Weatherford
Texas,Canyon
Texas,Snyder
Texas,Wharton
Texas,Marshall
Utah,Provo
Hawaii,Laie
Utah,West Jordan
Utah,Saint George
Utah,Murray
Utah,Murray
Utah,Salt Lake City
Utah,West Valley City
Utah,Ephraim
Utah,Cedar City
Utah,West Haven
Utah,Orem
Utah,Logan
Utah,Orem
Utah,Salt Lake City
Utah,Salt Lake City
Utah,Ogden
Utah,Salt Lake City
Vermont,Bennington
Vermont,Burlington
Vermont,Castleton
Vermont,Burlington
Vermont,Winooski
Vermont,Plainfield
Vermont,Poultney
Vermont,Johnson
Vermont,Lyndonville
Vermont,Marlboro
Vermont,Middlebury
Vermont,Montpelier
Vermont,Northfield
Vermont,Colchester
Vermont,Rutland
Vermont,Bennington
Vermont,Craftsbury Common
Vermont,Randolph Center
Vermont,Burlington
Virginia,Virginia Beach
Virginia,Danville
Virginia,Weyers Cave
Virginia,Bluefield
Virginia,Bridgewater
Virginia,Williamsburg
Virginia,Virginia Beach
Virginia,Lynchburg
Virginia,Newport News
Virginia,Virginia Beach
Virginia,North Chesterfield
Virginia,Roanoke
Virginia,Clifton Forge
Virginia,Danville
Virginia,Virginia Beach
Virginia,Emory
Virginia,Harrisonburg
Virginia,Melfa
Virginia,Ferrum
Virginia,Fairfax
Virginia,Locust Grove
Virginia,Hampden-Sydney
Virginia,Hampton
Virginia,Roanoke
Virginia,Richmond
Virginia,Harrisonburg
Virginia,Chester
Virginia,Lynchburg
Virginia,Farmville
Virginia,Middletown
Virginia,Lynchburg
Virginia,Staunton
Virginia,Fredericksburg
Virginia,Arlington
Virginia,Big Stone Gap
Virginia,Salem
Virginia,Dublin
Virginia,Norfolk
Virginia,Annandale
Virginia,Norfolk
Virginia,Martinsville
Virginia,Franklin
Virginia,Lynchburg
Virginia,Charlottesville
Virginia,Radford
Virginia,Ashland
Virginia,Lynchburg
Virginia,Glenns
Virginia,Norfolk
Virginia,Petersburg
Virginia,Richmond
Virginia,University of Richmond
Virginia,Salem
Virginia,Winchester
Virginia,Buena Vista
Virginia,Alberta
Virginia,Richlands
Virginia,Arlington
Virginia,Sweet Briar
Virginia,Hampton
Virginia,Norfolk
Virginia,Wise
Virginia,Abingdon
Virginia,Bristol
Virginia,Blacksburg
Virginia,Roanoke
Virginia,Richmond
Virginia,Charlottesville
Virginia,Lexington
Virginia,Lynchburg
Virginia,Petersburg
Virginia,Richmond
Virginia,Norfolk
Virginia,Lexington
Virginia,Wytheville
Washington,Seattle
Washington,Bellevue
Washington,Bellingham
Washington,Moses Lake
Washington,Ellensburg
Washington,Centralia
Washington,Seattle
Washington,Vancouver
Washington,Lakewood
Washington,Pasco
Washington,Seattle
Washington,Cheney
Washington,Lynnwood
Washington,Everett
Washington,Olympia
Washington,Lakewood
Washington,Spokane
Washington,Aberdeen
Washington,Auburn
Washington,Toppenish
Washington,Des Moines
Washington,Spokane
Washington,Seattle
Washington,Spokane Valley
Washington,Tacoma
Washington,Kirkland
Washington,Longview
Washington,Everett
Washington,Seattle
Washington,Kirkland
Washington,Bremerton
Washington,Tacoma
Washington,Port Angeles
Washington,Tacoma
Washington,Renton
Washington,Lacey
Washington,Seattle
Washington,Seattle
Washington,Seattle
Washington,Seattle
Washington,Shoreline
Washington,Mount Vernon
Washington,Olympia
Washington,Spokane
Washington,Spokane
Washington,Tacoma
Washington,Walla Walla
Washington,College Place
Washington,Pullman
Washington,Seattle
Washington,Wenatchee
Washington,Vancouver
Washington,Bellingham
Washington,Bellingham
Washington,Walla Walla
Washington,Spokane
Washington,Yakima
West Virginia,Philippi
West Virginia,Mount Hope
West Virginia,Bethany
West Virginia,Bluefield
West Virginia,Charleston
West Virginia,Athens
West Virginia,Elkins
West Virginia,Fairmont
West Virginia,Glenville
West Virginia,Huntington
West Virginia,Huntington
West Virginia,Parkersburg
West Virginia,Cross Lanes
West Virginia,Vienna
West Virginia,Parkersburg
West Virginia,Keyser
West Virginia,Salem
West Virginia,Shepherdstown
West Virginia,Mount Gay
West Virginia,Institute
West Virginia,West Liberty
West Virginia,Montgomery
West Virginia,Buckhannon
West Virginia,Wheeling
West Virginia,Charleston
West Virginia,Morgantown
West Virginia,Wheeling
West Virginia,Morgantown
West Virginia,Wheeling
Wisconsin,Milwaukee
Wisconsin,Madison
Wisconsin,Green Bay
Wisconsin,Beloit
Wisconsin,Janesville
Wisconsin,Milwaukee
Wisconsin,Waukesha
Wisconsin,Kenosha
Wisconsin,Mequon
Wisconsin,Madison
Wisconsin,Appleton
Wisconsin,Kenosha
Wisconsin,Greenfield
Wisconsin,Plymouth
Wisconsin,Cleveland
Wisconsin,Appleton
Wisconsin,Watertown
Wisconsin,Fond Du Lac
Wisconsin,Milwaukee
Wisconsin,Wisconsin Rapids
Wisconsin,Milwaukee
Wisconsin,Milwaukee
Wisconsin,Milwaukee
Wisconsin,Fond du Lac
Wisconsin,Milwaukee
Wisconsin,Rhinelander
Wisconsin,Wausau
Wisconsin,Green Bay
Wisconsin,Dunbar
Wisconsin,Ashland
Wisconsin,Ripon
Wisconsin,De Pere
Wisconsin,Manitowoc
Wisconsin,Fennimore
Wisconsin,Milwaukee
Wisconsin,Madison
Wisconsin,La Crosse
Wisconsin,Eau Claire
Wisconsin,Pewaukee
Wisconsin,La Crosse
Wisconsin,Whitewater
Wisconsin,Shell Lake
Wisconsin,Eau Claire
Wisconsin,Green Bay
Wisconsin,La Crosse
Wisconsin,Milwaukee
Wisconsin,Oshkosh
Wisconsin,Kenosha
Wisconsin,Madison
Wisconsin,Menomonie
Wisconsin,Superior
Wisconsin,Madison
Wisconsin,Milwaukee
Wisconsin,Platteville
Wisconsin,River Falls
Wisconsin,Stevens Point
Wyoming,Casper
Wyoming,Riverton
Wyoming,Torrington
Wyoming,Cheyenne
Wyoming,Powell
Wyoming,Sheridan
Wyoming,Rock Springs
Wyoming,Laramie
Wyoming,Laramie
California,Stanford
Indiana,West Lafayette
Texas,Dallas
California,Sylmar
Colorado,Westminster
Delaware,Wilmington
Florida,Fort Lauderdale
Florida,Sarasota
Georgia,Decatur
Georgia,Clarkston
Kentucky,Florence
Missouri,Berkeley
Missouri,Rolla
Missouri,Jefferson City
New Jersey,Washington
New Mexico,Santa Fe
Washington,Seattle
Oklahoma,Oklahoma City
Oklahoma,Tulsa
Oklahoma,Tulsa
Oregon,Portland
Tennessee,Nashville
Texas,El Paso
Texas,San Antonio
Georgia,Athens
California,San Leandro
Kentucky,Florence
New Jersey,Newton
Vermont,Putney
Missouri,Independence
Texas,McKinney
Kentucky,Owensboro
Georgia,Waycross
California,San Diego
New Mexico,Albuquerque
Virginia,Virginia Beach
Pennsylvania,Forty Fort
Pennsylvania,Uniontown
Arizona,Phoenix
Pennsylvania,Harrisburg
Indiana,Newburgh
Alabama,Wadley
South Carolina,Columbia
Florida,Tampa
Pennsylvania,Lancaster
Wisconsin,Hayward
Arizona,Mesa
California,Alhambra
Colorado,Aurora
Iowa,Davenport
Iowa,Cedar Falls
Illinois,Arlington Heights
Illinois,Bridgeview
Michigan,Troy
Pennsylvania,Mount Braddock
Virginia,Roanoke
Missouri,Cottleville
California,Irvine
Florida,Sarasota
Arizona,Scottsdale
California,Fresno
Colorado,Denver
California,Roseville
Kentucky,Bowling Green
New Mexico,Las Vegas
Arizona,Tempe
Arizona,Phoenix
Arizona,Chandler
Wisconsin,Madison
Texas,San Antonio
Texas,Austin
New York,New York
Texas,El Paso
Florida,Deerfield Beach
Pennsylvania,Williamsport
Texas,Houston
Louisiana,Baton Rouge
Montana,Box Elder
New York,Selden
California,Livermore
Georgia,Jesup
Georgia,Statesboro
Alabama,Mobile
Colorado,Aurora
Florida,Fort Myers
Massachusetts,Norwood
Tennessee,Knoxville
Texas,Austin
Texas,Houston
California,San Marcos
Hawaii,Honolulu
California,Salida
Iowa,Urbandale
Kansas,Lawrence
Louisiana,Monroe
Minnesota,Saint Paul
Texas,Austin
Arkansas,Bentonville
Colorado,Denver
Florida,Naples
Florida,Lakeland
Georgia,Atlanta
Tennessee,Clarksville
Tennessee,Madison
Virginia,Norfolk
Washington,Seattle
California,Los Angeles
California,Los Angeles
Georgia,Vidalia
New Mexico,Albuquerque
Missouri,Springfield
Ohio,Columbus
Ohio,Eastlake
Alabama,Mobile
California,Stockton
California,Hayward
California,Anaheim
California,City of Industry
California,Cerritos
Arizona,Phoenix
California,San Diego
Colorado,Fort Collins
Florida,Lake Mary
Florida,Jacksonville
Georgia,Smyrna
Hawaii,Honolulu
Iowa,Des Moines
Iowa,Bettendorf
Maine,Bangor
Nevada,Las Vegas
New York,Orchard Park
New York,Brooklyn
Ohio,Cleveland
Ohio,Findlay
Oregon,Portland
Pennsylvania,Altoona
Texas,San Antonio
Texas,Fort Worth
Utah,Clearfield
Virginia,Newport News
Virginia,Norfolk
Washington,Poulsbo
Washington,Bothell
Washington,Tacoma
California,Torrance
California,San Diego
Florida,Tampa
Texas,Houston
Texas,Houston
Michigan,Brimley
Minnesota,Cloquet
Washington,Bellingham
Utah,Provo
Utah,Salt Lake City
Michigan,Port Huron
Colorado,Lakewood
Colorado,Denver
California,San Bernardino
North Carolina,Charlotte
Tennessee,Clarksville
Texas,Dallas
Texas,Big Spring
Virginia,Richmond
Hawaii,Hilo
Mississippi,Hattiesburg
New Mexico,Ruidoso
Arizona,Phoenix
Florida,Leesburg
Arizona,Avondale
Illinois,Normal
District of Columbia,Washington
Florida,Fort Lauderdale
Pennsylvania,Scranton
Florida,Boca Raton
Florida,Winter Park
Florida,Pompano Beach
Tennessee,Nashville
Texas,Houston
Florida,Pensacola
Florida,Orlando
Texas,Houston
Tennessee,Nashville
California,Joshua Tree
California,Monrovia
California,Long Beach
California,Orange
California,Anaheim
California,Aliso Viejo
California,Los Angeles
New Mexico,Albuquerque
Illinois,Fairfield
Illinois,Robinson
Illinois,Mount Carmel
Arizona,Tempe
Michigan,Auburn Hills
Michigan,Clinton Township
Florida,Largo
Missouri,Springfield
Missouri,Joplin
Missouri,Kansas City
Arizona,Flagstaff
Texas,Houston
Florida,Jacksonville
Texas,Dallas
Michigan,Cadillac
Colorado,Denver
Florida,Miami
New York,Brooklyn
New York,Brooklyn
New York,Brooklyn
Maryland,Westminster
Arizona,Tucson
Colorado,Lone Tree
New Mexico,Albuquerque
California,San Jose
California,Costa Mesa
Florida,Saint Petersburg
Texas,San Antonio
Illinois,Woodridge
Kansas,Overland Park
Kentucky,Louisville
Florida,Gainesville
Florida,Jacksonville
Minnesota,Brooklyn Center
Nebraska,Omaha
Nebraska,Omaha
Indiana,Fort Wayne
Texas,Marshall
Florida,Hialeah
Florida,Fort Lauderdale
Texas,McAllen
Florida,Miami
California,Seaside
California,Salinas
Oklahoma,Oklahoma City
Georgia,Atlanta
New York,Rochester
California,North Hollywood
California,Moreno Valley
Colorado,Aurora
Tennessee,Memphis
Minnesota,Minneapolis
Wisconsin,Keshena
Minnesota,Cass Lake
Arkansas,Little Rock
California,Oxnard
Kentucky,Louisville
South Carolina,Greenville
Tennessee,Cordova
Michigan,Jackson
Washington,Everett
Alabama,Bessemer
Illinois,Orland Park
New York,New York
Michigan,Flint
Florida,North Miami
Pennsylvania,Pittsburgh
Indiana,Fort Wayne
Pennsylvania,Johnstown
Nevada,Las Vegas
Florida,Miami
Florida,Altamonte Springs
Missouri,Cape Girardeau
New York,Syosset
Tennessee,Cookeville
Tennessee,Clarksville
Virginia,Arlington
California,Sacramento
Florida,Melbourne
Virginia,Chesapeake
Hawaii,Honolulu
Florida,Miami
Alabama,Birmingham
Alabama,Huntsville
Texas,San Antonio
New York,Getzville
Georgia,Sandersville
Maine,Wells
Georgia,Atlanta
Ohio,Middleburg Heights
Arkansas,Mountain Home
Oregon,The Dalles
Oregon,Tillamook
Louisiana,Metairie
Michigan,Southfield
Kentucky,Hopkinsville
Arizona,Glendale
North Carolina,Raleigh
New Jersey,Jersey City
California,Fresno
California,Costa Mesa
Oregon,Newport
California,Pasadena
Florida,Daytona Beach
Texas,Webster
Virginia,Chesapeake
Virginia,Richmond
Florida,Greenacres
Florida,Tampa
Illinois,Schaumburg
Pennsylvania,Indiana
Oregon,Klamath Falls
Arizona,Phoenix
Massachusetts,Boston
Nevada,Henderson
Minnesota,Saint Louis Park
Colorado,Aurora
Oregon,Portland
Florida,Apopka
Arizona,Chandler
Maryland,Suitland
Florida,Miami
Pennsylvania,Harrisburg
Pennsylvania,Tarentum
Ohio,Norwood
Ohio,Strongsville
Nebraska,Omaha
West Virginia,Charleston
New Hampshire,Manchester
California,Clovis
Texas,San Antonio
Washington,Tukwila
Florida,Orlando
Oregon,Tigard
California,Riverside
California,Ontario
Delaware,Wilmington
California,Santa Monica
California,Signal Hill
California,Orange
North Carolina,Charlotte
Utah,Salt Lake City
California,Ventura
Louisiana,Kenner
Kentucky,Lexington
Florida,Fort Myers
Nebraska,Winnebago
Maryland,Silver Spring
Texas,Richardson
Louisiana,Lafayette
California,Chula Vista
Georgia,Marietta
Michigan,W Bloomfield
Florida,Miami
Missouri,Arnold
Illinois,Oak Brook
New York,Albany
New York,Liverpool
Alaska,Barrow
Maryland,Baltimore
South Carolina,Myrtle Beach
Minnesota,Mahnomen
Louisiana,Metairie
Florida,Miramar
Florida,Jacksonville
Florida,Temple Terrace
Maryland,Columbia
Oklahoma,Oklahoma City
Oklahoma,Tulsa
Arizona,Phoenix
Missouri,Saint Joseph
Missouri,Sunset Hills
Florida,Orlando
Louisiana,Sorrento
California,Hollywood
California,Orange
Minnesota,Bloomington
Florida,Miami
Louisiana,Saint Rose
Virginia,Richmond
Oklahoma,Warr Acres
Virginia,Arlington
Louisiana,Baton Rouge
California,Lathrop
Texas,Dallas
California,Temecula
Virginia,CHESTER
California,Anaheim
California,San Jose
Utah,Murray
Arizona,Tucson
Pennsylvania,Pottsville
California,Pleasant Hill
Florida,Maitland
Florida,Bradenton
Colorado,Colorado Springs
Michigan,Walker
Virginia,Fairfax
Georgia,Atlanta
Florida,Weston
Pennsylvania,Wayne
Pennsylvania,Pittsburgh
Virginia,Chesapeake
West Virginia,Moorefield
Arkansas,Little Rock
Florida,Jacksonville
Washington,Seattle
Washington,Spokane
Texas,Friendswood
Massachusetts,Wilmington
Washington,Puyallup
Washington,Bothell
Missouri,Saint Louis
Colorado,Denver
Ohio,Beachwood
California,Los Angeles
Florida,Fern Park
Ohio,Highland Heights
Louisiana,Shreveport
Florida,Palm Harbor
Oklahoma,Tulsa
Indiana,Indianapolis
California,Van Nuys
Louisiana,Baton Rouge
Florida,Orange Park
California,Gold River
Tennessee,Nashville
Texas,Irving
Illinois,Calumet City
Louisiana,Baton Rouge
California,Ontario
Texas,Beaumont
Texas,Laredo
Virginia,Arlington
Arkansas,Newport
Massachusetts,Braintree
Texas,Dallas
Texas,Houston
Wisconsin,Milwaukee
Idaho,Meridian
California,Upland
Pennsylvania,Levittown
South Dakota,Ellsworth Air Force Base
New Mexico,Albuquerque
Minnesota,Brooklyn Center
New Jersey,Newark
Tennessee,Memphis
Oklahoma,Tulsa
Kansas,Wichita
Florida,Orlando
South Carolina,Charleston
California,Anaheim
Michigan,Mount Pleasant
Pennsylvania,Blairsville
Ohio,Sharonville
Missouri,Houston
Mississippi,Gulfport
North Carolina,Durham
Ohio,Columbus
Texas,Beaumont
Virginia,Fredericksburg
Nevada,Henderson
Mississippi,Jackson
Texas,Austin
California,Camarillo
Virginia,Springfield
Virginia,Chantilly
California,Santa Ana
Massachusetts,Needham
Pennsylvania,Philadelphia
Pennsylvania,Philadelphia
Missouri,Kansas City
Georgia,Sandy Springs
Illinois,Schaumburg
Tennessee,Nashville
Virginia,Reston
Florida,Orlando
Michigan,Canton
Pennsylvania,Plymouth Meeting
Pennsylvania,Lancaster
West Virginia,Bridgeport
Ohio,Broadview Heights
Missouri,Fenton
California,Ontario
Missouri,Kansas City
Minnesota,Plymouth
New Mexico,Albuquerque
Kansas,Overland Park
Florida,Palm Springs
Arizona,Sells
Texas,Dallas
Arizona,Tempe
California,Lancaster
Washington,Tacoma
Florida,Jacksonville
California,North Hollywood
Tennessee,Franklin
Pennsylvania,Sunbury
Washington,Redmond
Florida,Lauderdale Lakes
North Carolina,Charlotte
West Virginia,Fairmont
Georgia,Duluth
Ohio,Hilliard
Indiana,Indianapolis
Georgia,Tucker
Tennessee,Chattanooga
Illinois,Chicago
Missouri,Fenton
Tennessee,Memphis
Pennsylvania,Trevose
Texas,Brownsville
Texas,Corpus Christi
Texas,Arlington
Georgia,Columbus
Tennessee,Cordova
Arkansas,Little Rock
New Mexico,Albuquerque
Colorado,Colorado Springs
Michigan,Allen Park
California,Folsom
Tennessee,Murfreesboro
California,South Gate
Texas,El Paso
Texas,San Antonio
New York,Far Rockaway
Texas,Houston
Florida,Miami
North Carolina,Charlotte
Arizona,Tucson
West Virginia,Huntington
South Carolina,Columbia
West Virginia,South Charleston
Illinois,Schaumburg
Georgia,Atlanta
Minnesota,Eden Prairie
Alabama,Mobile
Nevada,Las Vegas
Michigan,Troy
Texas,Houston
California,Merced
Texas,Fort Worth
Texas,Houston
Nevada,Las Vegas
Tennessee,Nashville
Oklahoma,Oklahoma City
Georgia,Atlanta
New Jersey,Jersey City
Minnesota,Saint Louis Park
Texas,Fort Worth
Texas,Lubbock
Kentucky,Louisville
Florida,Orange Park
Virginia,Vienna
Missouri,St Charles
Tennessee,Memphis
Missouri,Kansas City
West Virginia,Montgomery
Utah,Salt Lake City
North Carolina,Charlotte
California,Fresno
Missouri,St. Louis
Florida,Miami
Virginia,Manassas
Missouri,Kansas City
Minnesota,Waite Park
Minnesota,Shakopee
Florida,Ave Maria
California,Yuba City
Arkansas,Springdale
California,Pasadena
Florida,Orlando
New York,Monroe
Pennsylvania,Harrisburg
Ohio,Cincinnati
Utah,Logan
Texas,San Antonio
Texas,Austin
Virginia,Glen Allen
North Carolina,Raleigh
West Virginia,Martinsburg
Nevada,Henderson
Washington,Tukwila
Florida,Miramar
Minnesota,Mendota Heights
Louisiana,Shreveport
Missouri,Kansas City
Georgia,Kennesaw
Maryland,Owings Mills
Ohio,Warrensville Heights
Florida,Ormond Beach
California,Chula Vista
Virginia,Arlington
California,Bakersfield
California,Clovis
Utah,Draper
California,Los Angeles
Florida,Miramar
California,Salida
Florida,Largo
Oklahoma,Moore
Utah,Layton
California,Emeryville
West Virginia,Beckley
Utah,Salt Lake City
California,Palm Springs
Minnesota,Rochester
Georgia,Lawrenceville
California,Ontario
Florida,Fort Pierce
Kentucky,Louisville
California,Oakland
Georgia,Marietta
Indiana,Indianapolis
New Jersey,Belleville
California,Rancho Cordova
Indiana,Indianapolis
North Carolina,Charlotte
California,Clovis
Pennsylvania,Dunmore
Michigan,Swartz Creek
Kentucky,Lexington
Ohio,Maumee
Oklahoma,Oklahoma City
Oklahoma,Tulsa
California,San Bernardino
Missouri,Kansas City
California,Lemoore
Ohio,Brecksville
Virginia,Annandale
Tennessee,Madison
Illinois,Rockford
Colorado,Denver
Colorado,Fort Collins
Florida,St. Petersburg
Pennsylvania,Bethlehem
Tennessee,Nashville
Florida,Tampa
Washington,Renton
Florida,Miami
Florida,Hialeah
North Carolina,Cary
Ohio,Springboro
Florida,Belleview
Louisiana,Baton Rouge
New Jersey,Lakewood
Tennessee,Memphis
California,Rosemead
Florida,Tampa
Ohio,Troy
Utah,Draper
Ohio,Westerville
Ohio,Cincinnati
South Carolina,Charleston
California,Sacramento
Louisiana,Alexandria
Wisconsin,Brookfield
Mississippi,Biloxi
Florida,St. Petersburg
Louisiana,Baton Rouge
South Carolina,Columbia
Kansas,Wichita
Georgia,Atlanta
Alabama,Mobile
Tennessee,Chattanooga
Indiana,South Bend
Tennessee,Chattanooga
Delaware,Newark
Alabama,Birmingham
Oklahoma,Tulsa
Utah,Layton
California,Sacramento
Texas,San Antonio
California,Ontario
Tennessee,Nashville
Wisconsin,Green Bay
California,Stockton
California,Citrus Heights
Alabama,Orange Beach
Florida,Boca Raton
New York,Brooklyn
Texas,El Paso
Pennsylvania,Pittsburgh
Florida,Sarasota
Indiana,Indianapolis
Wisconsin,Wauwatosa
Minnesota,Blaine
Michigan,Novi
Texas,Austin
California,Sunnyvale
Texas,Austin
North Carolina,Cary
Alabama,Madison
Iowa,Clive
Ohio,Columbus
Arizona,Phoenix
Wisconsin,Madison
North Carolina,High Point
Kansas,Lenexa
North Carolina,Durham
Texas,Dallas
Alabama,Montgomery
Ohio,Springdale
Missouri,Kansas City
Kentucky,Lexington
North Carolina,Morrisville
New Jersey,Cherry Hill
Ohio,Kettering
Ohio,Youngstown
Ohio,Cincinnati
Ohio,Stow
Ohio,Columbu
New York,New York
Illinois,Addison
Ohio,Columbus
Arizona,Phoenix
Arkansas,Rogers
Utah,Orem
Minnesota,Minneapolis
South Carolina,Greenville
California,San Diego
Colorado,Denver
Florida,Plantation
Idaho,Nampa
New York,Brooklyn
Virginia,Alexandria
Florida,Pensacola
Alabama,Montgomery
California,Woodland
Minnesota,Moorhead
Idaho,Boise
Oklahoma,Tulsa
Kentucky,Scottsville
North Carolina,Greenville
Missouri,Arnold
Florida,Jacksonville
Virginia,Fairfax
Virginia,Sterling
South Carolina,North Charleston
North Carolina,Raleigh
Florida,Tampa
Mississippi,Madison
Missouri,Springfield
West Virginia,Huntington
California,Concord
North Carolina,Charlotte
Florida,Orlando
Arizona,Phoenix
Ohio,Mason
Minnesota,Elk River
South Carolina,Greenville
South Dakota,Sioux Falls
Wisconsin,Eau Claire
Minnesota,Minneapolis
Ohio,Toledo
Nevada,Las Vegas
Hawaii,Honolulu
Missouri,St Joseph
California,Anaheim
California,Ontario
Georgia,Augusta
Ohio,Grove City
Wisconsin,Glendale
Kentucky,Louisville
Wisconsin,Madison
Minnesota,Lakeville
Wisconsin,Middleton
Wisconsin,Rothschild
Georgia,Atlanta
South Carolina,Greenville
Texas,Austin
Wisconsin,Onalaska
California,Fremont
Illinois,Wheeling
Colorado,Aurora
California,Culver City
Michigan,Dearborn
Nevada,North Las Vegas
California,Los Alamitos
New Mexico,Santa Teresa
Wisconsin,Kenosha
District of Columbia,Washington
California,Moreno Valley
California,Norco
Illinois,Chicago
North Carolina,Fayetteville
Georgia,Atlanta
Michigan,Baraga
North Carolina,Fayetteville
California,Escondido
Missouri,St. Louis
Minnesota,Edina
Minnesota,Brooklyn Center
