universityid,state
100654,Alabama
100663,Alabama
100690,Alabama
100706,Alabama
100724,Alabama
100751,Alabama
100760,Alabama
100830,Alabama
100858,Alabama
100937,Alabama
101028,Alabama
101073,Alabama
101116,Alabama
101143,Alabama
101161,Alabama
101189,Alabama
101240,Alabama
101286,Alabama
101295,Alabama
101301,Alabama
101365,Alabama
101435,Alabama
101462,Alabama
101480,Alabama
101499,Alabama
101505,Alabama
101514,Alabama
101541,Alabama
101569,Alabama
101587,Alabama
101602,Alabama
101648,Alabama
101675,Alabama
101693,Alabama
101709,Alabama
101736,Alabama
101879,Alabama
101897,Alabama
101912,Alabama
101949,Alabama
101958,Alabama
101994,Alabama
102030,Alabama
102049,Alabama
102058,Alabama
102067,Alabama
102076,Alabama
102094,Alabama
102234,Alabama
102261,Alabama
102270,Alabama
102298,Alabama
102313,Alabama
102368,Alabama
102377,Alabama
102429,Alabama
102553,Alaska
102614,Alaska
102632,Alaska
102669,Alaska
102845,Alaska
103361,Alaska
103644,Arizona
103893,Arizona
103909,Arizona
103927,Arizona
103945,Arizona
104090,Arizona
104151,Arizona
104160,Arizona
104179,Arizona
104188,Arizona
104346,Arizona
104364,Arizona
104425,Arizona
104577,Arizona
104586,Arizona
104708,Arizona
104717,Arizona
104805,Arizona
105118,Arizona
105145,Arizona
105154,Arizona
105163,Arizona
105172,Arizona
105206,Arizona
105297,Arizona
105330,Arizona
105349,Arizona
105428,Arizona
105516,Arizona
105525,Arizona
105534,Arizona
105543,New Mexico
105589,Arizona
105659,Arizona
105668,Arizona
105747,Arizona
105792,Arizona
105899,Arizona
106041,Arizona
106102,Arizona
106148,Arizona
106245,Arkansas
106306,Arkansas
106342,Arkansas
106397,Arkansas
106412,Arkansas
106449,Arkansas
106458,Arkansas
106467,Arkansas
106485,Arkansas
106625,Arkansas
106704,Arkansas
106713,Arkansas
106795,Arkansas
106810,Arkansas
106883,Arkansas
106980,Arkansas
106999,Arkansas
107044,Arkansas
107071,Arkansas
107080,Arkansas
107141,Arkansas
107318,Arkansas
107327,Arkansas
107460,Arkansas
107512,Arkansas
107521,Arkansas
107549,Arkansas
107558,Arkansas
107585,Arkansas
107600,Arkansas
107619,Arkansas
107637,Arkansas
107664,Arkansas
107725,Arkansas
107743,Arkansas
107877,Arkansas
107974,Arkansas
107983,Arkansas
107992,Arkansas
108092,Arkansas
108232,California
108250,California
108667,California
108807,California
108852,California
109040,California
109208,California
109350,California
109651,California
109785,California
109819,California
109907,California
110060,California
110097,California
110185,California
110219,California
110246,California
110334,California
110361,California
110370,California
110404,California
110413,California
110422,California
110468,California
110486,California
110495,California
110510,California
110529,California
110538,California
110547,California
110556,California
110565,California
110574,California
110583,California
110592,California
110608,California
110617,California
110635,California
110644,California
110653,California
110662,California
110671,California
110680,California
110705,California
110714,California
110945,California
111009,California
111081,California
111188,California
111434,California
111461,California
111638,California
111887,California
111896,California
111920,California
111939,California
111948,California
111966,California
112075,California
112084,California
112172,California
112190,California
112260,California
112385,California
112394,California
112446,California
112561,California
112570,California
112686,California
112826,California
113096,California
113111,California
113193,California
113218,California
113236,California
113333,California
113573,California
113582,California
113634,California
113698,California
113856,California
113980,California
114123,California
114266,California
114354,California
114390,California
114415,California
114433,California
114716,California
114789,California
114813,California
114859,California
114938,California
115001,California
115126,California
115296,California
115393,California
115409,California
115454,California
115472,California
115490,California
115515,California
115533,California
115728,California
115755,California
115773,California
115861,California
116439,California
116466,California
116475,California
116484,California
116846,California
117052,California
117104,California
117113,California
117140,California
117168,California
117195,California
117247,California
117274,California
117557,California
117627,California
117645,California
117690,California
117706,California
117715,California
117724,California
117733,California
117751,California
117788,California
117867,California
117894,California
117928,California
117946,California
118198,California
118259,California
118277,California
118286,California
118347,California
118541,California
118684,California
118693,California
118718,California
118772,California
118888,California
118912,California
118930,California
118976,California
119067,California
119137,California
119164,California
119173,California
119216,California
119270,California
119331,California
119359,California
119508,California
119544,California
119605,California
119775,California
120184,California
120254,California
120290,California
120342,California
120403,California
120421,California
120537,California
120661,California
120865,California
120883,California
120953,California
120971,California
121044,California
121150,California
121257,California
121275,California
121309,California
121345,California
121363,California
121381,California
121619,California
121691,California
121707,California
121886,California
121901,California
122180,California
122205,California
122339,California
122366,California
122375,California
122384,California
122409,California
122436,California
122454,California
122506,California
122597,California
122612,California
122658,California
122685,California
122694,California
122728,California
122746,California
122755,California
122791,California
122834,California
122843,California
122852,California
122889,California
122931,California
122977,California
123013,California
123165,California
123208,California
123217,California
123299,California
123341,California
123457,California
123484,California
123509,California
123527,California
123554,California
123563,California
123572,California
123642,California
123651,California
123679,California
123800,California
123952,California
123961,California
124113,California
124292,California
124487,California
124681,California
124706,California
124937,California
125028,California
125091,California
125170,California
125231,Minnesota
125462,California
125471,California
125499,California
125532,California
125727,California
125763,California
125897,California
126076,California
126119,California
126182,Colorado
126207,Colorado
126289,Colorado
126359,Colorado
126401,Colorado
126562,Colorado
126580,Colorado
126605,Colorado
126614,Colorado
126669,Colorado
126678,Colorado
126687,Colorado
126702,Colorado
126711,Colorado
126748,Colorado
126775,Colorado
126784,Colorado
126818,Colorado
126827,Colorado
126863,Colorado
126872,Colorado
126924,Colorado
126942,Colorado
126951,Colorado
127024,Colorado
127060,Colorado
127185,Colorado
127200,Colorado
127389,Colorado
127556,Colorado
127565,Colorado
127617,Colorado
127653,Colorado
127680,Colorado
127699,Colorado
127714,Colorado
127732,Colorado
127741,Colorado
127778,Colorado
127787,Colorado
127820,Colorado
127839,Colorado
127884,Colorado
127909,Colorado
127918,Colorado
127945,Colorado
128106,Colorado
128179,Colorado
128188,Colorado
128258,Colorado
128391,Colorado
128498,Connecticut
128577,Connecticut
128683,Connecticut
128744,Connecticut
128771,Connecticut
128902,Connecticut
129020,Connecticut
129154,Connecticut
129215,Connecticut
129242,Connecticut
129367,Connecticut
129525,Connecticut
129543,Connecticut
129695,Connecticut
129729,Connecticut
129756,Connecticut
129774,Connecticut
129808,Connecticut
129941,Connecticut
130004,Connecticut
130040,Connecticut
130110,Connecticut
130183,Connecticut
130217,Connecticut
130226,Connecticut
130253,Connecticut
130314,Connecticut
130396,Connecticut
130448,Connecticut
130493,Connecticut
130590,Connecticut
130606,Connecticut
130697,Connecticut
130776,Connecticut
130794,Connecticut
130891,Delaware
130907,Delaware
130916,Delaware
130934,Delaware
130943,Delaware
130989,Delaware
131098,Delaware
131113,Delaware
131159,District of Columbia
131283,District of Columbia
131308,District of Columbia
131399,District of Columbia
131450,District of Columbia
131469,District of Columbia
131496,District of Columbia
131520,District of Columbia
131742,Virginia
131803,District of Columbia
131876,District of Columbia
132338,Florida
132408,Florida
132471,Florida
132602,Florida
132657,Florida
132693,Florida
132709,Florida
132806,Florida
132842,Florida
132851,Florida
132879,Florida
132903,Florida
133021,Florida
133085,Florida
133386,Florida
133465,Florida
133492,Florida
133508,Florida
133526,Florida
133553,Florida
133650,Florida
133669,Florida
133702,Florida
133711,Florida
133809,Florida
133845,Florida
133854,Florida
133863,Florida
133872,Florida
133881,Florida
133951,Florida
133960,Florida
133979,Florida
133997,Florida
134079,Florida
134097,Florida
134112,Florida
134121,Florida
134130,Florida
134149,Florida
134237,Florida
134343,Florida
134495,Florida
134510,Florida
134608,Florida
134680,Florida
134811,Florida
134909,Florida
134945,Florida
135063,Florida
135081,Florida
135124,Florida
135160,Florida
135188,Florida
135364,Georgia
135391,Florida
135717,Florida
135726,Florida
135939,Florida
135957,Florida
136066,Florida
136145,Florida
136172,Florida
136206,Florida
136215,Florida
136233,Florida
136288,Florida
136330,Florida
136358,Florida
136400,Florida
136473,Florida
136516,Florida
136774,Florida
136950,Florida
137032,Florida
137078,Florida
137096,Florida
137148,Florida
137209,Florida
137281,Florida
137315,Florida
137351,Florida
137476,Florida
137546,Florida
137564,Florida
137759,Florida
137801,Florida
137810,Florida
137847,Florida
137953,Florida
137962,Florida
138187,Florida
138275,Florida
138293,Florida
138309,Florida
138354,Florida
138558,Georgia
138600,Georgia
138655,Georgia
138682,Georgia
138691,Georgia
138716,Georgia
138761,Georgia
138789,Georgia
138813,Georgia
138840,Georgia
138868,Georgia
138901,Georgia
138947,Georgia
138956,Georgia
139010,Georgia
139074,Georgia
139144,Georgia
139153,Georgia
139199,Georgia
139205,Georgia
139214,Georgia
139250,Georgia
139278,Georgia
139287,Georgia
139311,Georgia
139357,Georgia
139366,Georgia
139384,Georgia
139393,Georgia
139463,Georgia
139579,Georgia
139621,Georgia
139630,Georgia
139658,Georgia
139700,Georgia
139719,Georgia
139755,Georgia
139764,Georgia
139861,Georgia
139904,Georgia
139931,Georgia
139940,Georgia
139959,Georgia
139968,Georgia
139986,Georgia
139995,Georgia
140003,Georgia
140012,Georgia
140164,Georgia
140234,Georgia
140243,Georgia
140252,Georgia
140331,Georgia
140340,Georgia
140447,Georgia
140553,Georgia
140599,Georgia
140678,Georgia
140696,Georgia
140720,Georgia
140818,Georgia
140872,Georgia
140942,Georgia
140951,Georgia
140960,Georgia
140988,Georgia
141006,Georgia
141060,Georgia
141097,Georgia
141158,Georgia
141167,Georgia
141185,Georgia
141237,Georgia
141255,Georgia
141264,Georgia
141325,Georgia
141334,Georgia
141361,Georgia
141468,Hawaii
141486,Hawaii
141565,Hawaii
141574,Hawaii
141644,Hawaii
141680,Hawaii
141796,Hawaii
141802,Hawaii
141811,Hawaii
141839,Hawaii
141981,Hawaii
141990,Hawaii
142054,Idaho
142090,Idaho
142115,Idaho
142179,Idaho
142276,Idaho
142285,Idaho
142294,Idaho
142328,Idaho
142337,Idaho
142443,Idaho
142461,Idaho
142522,Idaho
142559,Idaho
142887,Illinois
143048,Illinois
143084,Illinois
143118,Illinois
143215,Illinois
143279,Illinois
143288,Illinois
143358,Illinois
143613,Illinois
144005,Illinois
144050,Illinois
144157,Illinois
144166,Illinois
144175,Illinois
144184,Illinois
144193,Illinois
144209,Illinois
144218,Illinois
144281,Illinois
144351,Illinois
144467,Illinois
144485,Illinois
144564,Illinois
144740,Illinois
144865,Illinois
144883,Illinois
144892,Illinois
144944,Illinois
144962,Illinois
144971,Illinois
145239,Illinois
145372,Illinois
145460,Illinois
145497,Illinois
145521,Illinois
145600,Illinois
145619,Illinois
145637,Illinois
145646,Illinois
145682,Illinois
145691,Illinois
145707,Illinois
145725,Illinois
145770,Illinois
145813,Illinois
145831,Illinois
146010,Illinois
146205,Illinois
146278,Illinois
146296,Illinois
146339,Illinois
146348,Illinois
146366,Illinois
146393,Illinois
146418,Illinois
146427,Illinois
146472,Illinois
146481,Illinois
146506,Illinois
146603,Illinois
146612,Illinois
146667,Illinois
146676,Illinois
146685,Illinois
146700,Illinois
146719,Illinois
146755,Illinois
146816,Illinois
146825,Illinois
147004,Illinois
147013,Illinois
147129,Illinois
147165,Illinois
147244,Illinois
147341,Illinois
147369,Illinois
147378,Illinois
147396,Illinois
147411,Illinois
147536,Illinois
147660,Illinois
147679,Illinois
147703,Illinois
147749,Illinois
147767,Illinois
147776,Illinois
147800,Illinois
147828,Illinois
147916,Illinois
148007,Illinois
148131,Illinois
148140,Illinois
148177,Illinois
148256,Illinois
148292,Illinois
148335,Illinois
148380,Illinois
148399,Illinois
148405,Illinois
148487,Illinois
148496,Illinois
148584,Illinois
148627,Illinois
148654,Illinois
148672,Illinois
148821,Illinois
148849,Illinois
148876,Illinois
148937,Illinois
148991,Illinois
149222,Illinois
149231,Illinois
149310,Illinois
149365,Illinois
149505,Illinois
149514,Illinois
149532,Illinois
149639,Illinois
149727,Illinois
149772,Illinois
149781,Illinois
149842,Illinois
150048,Indiana
150066,Indiana
150136,Indiana
150145,Indiana
150163,Indiana
150172,Indiana
150251,Indiana
150400,Indiana
150455,Indiana
150534,Indiana
150604,Indiana
150668,Indiana
150677,Indiana
150756,Indiana
150774,Indiana
150941,Indiana
150987,Indiana
151102,Indiana
151111,Indiana
151166,Indiana
151263,Indiana
151290,Indiana
151306,Indiana
151324,Indiana
151333,Indiana
151342,Indiana
151351,Indiana
151360,Indiana
151379,Indiana
151388,Indiana
151458,Indiana
151467,Indiana
151494,Tennessee
151500,Indiana
151519,Indiana
151616,Indiana
151625,Indiana
151661,Indiana
151777,Indiana
151786,Indiana
151801,Indiana
151810,Indiana
151944,Indiana
152080,Indiana
152099,Indiana
152248,Indiana
152266,Indiana
152318,Indiana
152336,Indiana
152363,Indiana
152381,Indiana
152390,Indiana
152415,Indiana
152530,Indiana
152567,Indiana
152600,Indiana
152637,Indiana
152673,Indiana
152798,Iowa
152822,Iowa
152992,Iowa
153001,Iowa
153108,Iowa
153126,Iowa
153144,Iowa
153162,Iowa
153214,Iowa
153241,Iowa
153250,Iowa
153269,Iowa
153278,Iowa
153296,Iowa
153302,Iowa
153311,Iowa
153320,Iowa
153366,Iowa
153375,Iowa
153384,Iowa
153409,Iowa
153418,Iowa
153427,Iowa
153445,Iowa
153472,Iowa
153524,Iowa
153533,Iowa
153603,Iowa
153621,Iowa
153630,Iowa
153658,Iowa
153737,Iowa
153825,Iowa
153834,Iowa
153861,Iowa
153922,Iowa
153977,Iowa
154004,Iowa
154013,Iowa
154022,Iowa
154059,Iowa
154095,Iowa
154101,Iowa
154110,Iowa
154129,Iowa
154235,Iowa
154262,Iowa
154350,Iowa
154378,Iowa
154396,Iowa
154493,Iowa
154518,Iowa
154527,Iowa
154572,Iowa
154590,Iowa
154642,Kansas
154688,Kansas
154697,Kansas
154712,Kansas
154721,Kansas
154749,Kansas
154767,Kansas
154776,Kansas
154794,Kansas
154800,Kansas
154855,Kansas
154907,Kansas
154925,Kansas
154934,Kansas
154952,Kansas
154998,Kansas
155007,Kansas
155025,Kansas
155052,Kansas
155061,Kansas
155070,Kansas
155089,Kansas
155098,Kansas
155104,Kansas
155140,Kansas
155177,Kansas
155186,Kansas
155195,Kansas
155201,Kansas
155210,Kansas
155283,Missouri
155292,Kansas
155317,Kansas
155335,Kansas
155399,Kansas
155414,Kansas
155450,Kansas
155487,Kansas
155496,Kansas
155511,Kansas
155520,Kansas
155566,Kansas
155593,Kansas
155618,Kansas
155627,Kansas
155681,Kansas
155715,Kansas
155812,Kansas
155830,Kansas
155858,Kansas
155900,Kansas
155937,Kansas
155973,Kansas
156082,Kansas
156107,Kansas
156125,Kansas
156189,Kentucky
156213,Kentucky
156231,Kentucky
156286,Kentucky
156295,Kentucky
156338,Kentucky
156356,Kentucky
156365,Kentucky
156392,Kentucky
156408,Kentucky
156417,Kentucky
156471,Kentucky
156541,Kentucky
156620,Kentucky
156648,Kentucky
156745,Kentucky
156790,Kentucky
156851,Kentucky
156860,Kentucky
156903,Kentucky
156921,Kentucky
157021,Kentucky
157058,Kentucky
157076,Kentucky
157085,Kentucky
157100,Kentucky
157216,Kentucky
157270,Kentucky
157289,Kentucky
157304,Kentucky
157331,Kentucky
157359,Kentucky
157377,Kentucky
157386,Kentucky
157401,Kentucky
157438,Kentucky
157447,Kentucky
157465,Kentucky
157483,Kentucky
157535,Kentucky
157553,Kentucky
157599,Kentucky
157632,Kentucky
157696,Kentucky
157711,Kentucky
157739,Kentucky
157757,Kentucky
157766,Kentucky
157793,Kentucky
157809,Kentucky
157818,Kentucky
157863,Kentucky
157951,Kentucky
158088,Louisiana
158352,Louisiana
158431,Louisiana
158440,Louisiana
158477,Louisiana
158662,Louisiana
158723,Louisiana
158802,Louisiana
158884,Louisiana
159009,Louisiana
159197,Louisiana
159382,Louisiana
159391,Louisiana
159407,Louisiana
159416,Louisiana
159443,Louisiana
159568,Louisiana
159647,Louisiana
159656,Louisiana
159717,Louisiana
159939,Louisiana
159966,Louisiana
159993,Louisiana
160010,Louisiana
160038,Louisiana
160065,Louisiana
160074,Louisiana
160409,Louisiana
160481,Louisiana
160524,Louisiana
160579,Louisiana
160612,Louisiana
160621,Louisiana
160630,Louisiana
160649,Louisiana
160658,Louisiana
160667,Louisiana
160755,Louisiana
160904,Louisiana
160913,Louisiana
160940,Maine
160959,Maine
160977,Maine
160995,Maine
161004,Maine
161022,Maine
161077,Maine
161086,Maine
161138,Maine
161165,Maine
161192,Maine
161217,Maine
161226,Maine
161235,Maine
161244,Maine
161253,Maine
161299,Maine
161341,Maine
161457,Maine
161484,Maine
161509,Maine
161518,Maine
161545,Maine
161554,Maine
161563,Maine
161572,Maine
161581,Maine
161688,Maryland
161767,Maryland
161776,Maryland
161864,Maryland
161873,Maryland
162007,Maryland
162061,Maryland
162104,Maryland
162122,Maryland
162168,Maryland
162210,Maryland
162283,Maryland
162557,Maryland
162584,Maryland
162609,Maryland
162654,Maryland
162681,Maryland
162690,Maryland
162706,Maryland
162760,Maryland
162779,Maryland
162928,Maryland
163028,Maryland
163046,Maryland
163204,Maryland
163268,Maryland
163286,Maryland
163295,Maryland
163338,Maryland
163426,Maryland
163453,Maryland
163462,Maryland
163532,Maryland
163578,Maryland
163657,Maryland
163736,Maryland
163851,Maryland
163912,Maryland
163921,Maryland
163976,Maryland
164058,Maryland
164076,Maryland
164173,Maryland
164216,Maryland
164270,Maryland
164313,Maryland
164447,Massachusetts
164465,Massachusetts
164492,Massachusetts
164562,Massachusetts
164580,Massachusetts
164614,Massachusetts
164632,Massachusetts
164641,Massachusetts
164720,Massachusetts
164739,Massachusetts
164748,Massachusetts
164775,Massachusetts
164872,Massachusetts
164924,Massachusetts
164933,Massachusetts
164988,Massachusetts
165015,Massachusetts
165024,Massachusetts
165033,Massachusetts
165112,Massachusetts
165167,Massachusetts
165194,Massachusetts
165264,Massachusetts
165334,Massachusetts
165529,Massachusetts
165574,Massachusetts
165644,Massachusetts
165662,Massachusetts
165671,Massachusetts
165699,Massachusetts
165802,Massachusetts
165820,Massachusetts
165866,Massachusetts
165884,Massachusetts
165936,Massachusetts
165981,Massachusetts
166018,Massachusetts
166027,Massachusetts
166124,Massachusetts
166133,Massachusetts
166391,Massachusetts
166407,Massachusetts
166452,Massachusetts
166513,Massachusetts
166601,Massachusetts
166629,Massachusetts
166638,Massachusetts
166647,Massachusetts
166656,Massachusetts
166674,Massachusetts
166683,Massachusetts
166692,Massachusetts
166823,Massachusetts
166850,Massachusetts
166887,Massachusetts
166911,Massachusetts
166939,Massachusetts
166948,Massachusetts
166957,Massachusetts
166984,Massachusetts
167057,Massachusetts
167251,Massachusetts
167260,Massachusetts
167288,Massachusetts
167312,Massachusetts
167321,Massachusetts
167358,Massachusetts
167376,Massachusetts
167394,Massachusetts
167455,Massachusetts
167525,Massachusetts
167534,Massachusetts
167598,Massachusetts
167631,Massachusetts
167729,Massachusetts
167738,Massachusetts
167783,Massachusetts
167792,Massachusetts
167835,Massachusetts
167899,Massachusetts
167905,Massachusetts
167987,Massachusetts
167996,Massachusetts
168005,Massachusetts
168148,Massachusetts
168218,Massachusetts
168227,Massachusetts
168254,Massachusetts
168263,Massachusetts
168281,Massachusetts
168290,Massachusetts
168342,Massachusetts
168421,Massachusetts
168430,Massachusetts
168528,Michigan
168546,Michigan
168591,Michigan
168607,Michigan
168740,Michigan
168786,Michigan
168838,Michigan
168847,Michigan
168883,Michigan
169080,Michigan
169248,Michigan
169275,Michigan
169327,Michigan
169363,Michigan
169442,Michigan
169479,Michigan
169521,Michigan
169716,Michigan
169798,Michigan
169910,Michigan
169974,Michigan
169983,Michigan
169992,Michigan
170000,Michigan
170037,Michigan
170055,Michigan
170082,Michigan
170091,Michigan
170240,Michigan
170301,Michigan
170417,Michigan
170444,Michigan
170532,Michigan
170541,Michigan
170550,Michigan
170587,Michigan
170620,Michigan
170639,Michigan
170657,Michigan
170675,Michigan
170790,Michigan
170806,Michigan
170842,Michigan
170967,Michigan
170976,Michigan
171100,Michigan
171128,Michigan
171137,Michigan
171146,Michigan
171155,Michigan
171225,Michigan
171234,Michigan
171298,Michigan
171304,Michigan
171395,Michigan
171456,Michigan
171483,Michigan
171492,Michigan
171535,Michigan
171571,Michigan
171599,Michigan
171881,Michigan
172033,Michigan
172051,Michigan
172200,Michigan
172264,Michigan
172291,Michigan
172307,Michigan
172334,Michigan
172440,Michigan
172617,Michigan
172635,Michigan
172644,Michigan
172671,Michigan
172699,Michigan
172866,Minnesota
172918,Minnesota
172954,Minnesota
172963,Minnesota
173045,Minnesota
173063,Minnesota
173115,Minnesota
173124,Minnesota
173142,Minnesota
173160,Minnesota
173203,Minnesota
173258,Minnesota
173300,Minnesota
173328,Minnesota
173416,Minnesota
173452,Minnesota
173461,Minnesota
173489,Minnesota
173559,Minnesota
173629,Minnesota
173638,Minnesota
173647,Minnesota
173665,Minnesota
173708,Minnesota
173735,Minnesota
173799,Minnesota
173805,Minnesota
173887,Minnesota
173902,Minnesota
173911,Minnesota
173920,Minnesota
173984,Minnesota
173993,Minnesota
174020,Minnesota
174066,Minnesota
174075,Minnesota
174118,Minnesota
174127,Minnesota
174136,Minnesota
174154,Minnesota
174206,Minnesota
174233,Minnesota
174251,Minnesota
174279,Minnesota
174358,Minnesota
174376,Minnesota
174385,Minnesota
174394,Minnesota
174428,Minnesota
174437,Minnesota
174473,Minnesota
174491,Minnesota
174507,Minnesota
174525,Minnesota
174570,Minnesota
174604,Minnesota
174738,Minnesota
174747,Minnesota
174756,Minnesota
174783,Minnesota
174792,Minnesota
174817,Minnesota
174844,Minnesota
174862,Minnesota
174899,Minnesota
174914,Minnesota
175005,Minnesota
175014,Minnesota
175041,Minnesota
175078,Minnesota
175157,Minnesota
175227,Minnesota
175236,Minnesota
175263,Minnesota
175272,Minnesota
175315,Minnesota
175342,Mississippi
175421,Mississippi
175430,Mississippi
175519,Mississippi
175528,Mississippi
175573,Mississippi
175616,Mississippi
175643,Mississippi
175652,Mississippi
175786,Mississippi
175810,Mississippi
175829,Mississippi
175856,Mississippi
175883,Mississippi
175935,Mississippi
175980,Mississippi
176008,Mississippi
176017,Mississippi
176035,Mississippi
176044,Mississippi
176053,Mississippi
176071,Mississippi
176080,Mississippi
176169,Mississippi
176178,Mississippi
176239,Mississippi
176318,Mississippi
176354,Mississippi
176372,Mississippi
176406,Mississippi
176479,Mississippi
176549,Missouri
176628,Missouri
176637,Missouri
176664,Missouri
176770,Missouri
176789,Missouri
176910,Missouri
176947,Missouri
176965,Missouri
177038,Kansas
177065,Missouri
177083,Missouri
177117,Missouri
177135,Missouri
177144,Missouri
177214,Missouri
177250,Missouri
177302,Missouri
177339,Missouri
177418,Missouri
177472,Missouri
177542,Missouri
177551,Missouri
177579,Missouri
177676,Missouri
177746,Missouri
177940,Missouri
177968,Missouri
177977,Missouri
177995,Missouri
178059,Missouri
178110,Missouri
178183,Missouri
178208,Missouri
178217,Missouri
178226,Illinois
178244,Missouri
178305,Missouri
178341,Missouri
178350,Missouri
178369,Missouri
178387,Missouri
178396,Missouri
178402,Missouri
178411,Missouri
178420,Missouri
178448,Missouri
178615,Missouri
178624,Missouri
178679,Missouri
178697,Missouri
178721,Missouri
178767,Missouri
178891,Missouri
179043,Missouri
179070,Missouri
179159,Missouri
179256,Missouri
179308,Missouri
179326,Missouri
179344,Missouri
179511,Missouri
179539,Missouri
179548,Missouri
179557,Missouri
179566,Missouri
179645,Missouri
179715,Missouri
179867,Missouri
179894,Missouri
179919,Missouri
179946,Missouri
179955,Missouri
179964,Missouri
180054,Montana
180081,Montana
180106,Montana
180151,Montana
180160,Montana
180179,Montana
180197,Montana
180203,Montana
180212,Montana
180249,Montana
180258,Montana
180276,Montana
180328,Montana
180373,Montana
180416,Montana
180461,Montana
180489,Montana
180522,Montana
180595,Montana
180647,Montana
180692,Montana
180814,Nebraska
180832,Nebraska
180878,Nebraska
180902,Nebraska
180948,Nebraska
180984,Nebraska
181002,Nebraska
181020,Nebraska
181093,Nebraska
181127,Nebraska
181215,Nebraska
181242,Nebraska
181297,Nebraska
181303,Nebraska
181312,Nebraska
181330,Nebraska
181376,Nebraska
181394,Nebraska
181400,Nebraska
181419,Nebraska
181446,Nebraska
181464,Nebraska
181491,Nebraska
181534,Nebraska
181604,Nebraska
181640,Nebraska
181738,Nebraska
181756,Nebraska
181765,Nebraska
181783,Nebraska
181817,Nebraska
181853,Nebraska
181941,Nevada
182005,Nevada
182111,Nevada
182148,Nevada
182281,Nevada
182290,Nevada
182306,Nevada
182430,Nevada
182458,Nevada
182500,Nevada
182564,Nevada
182634,New Hampshire
182661,New Hampshire
182670,New Hampshire
182795,New Hampshire
182865,New Hampshire
182908,New Hampshire
182980,New Hampshire
183026,New Hampshire
183044,New Hampshire
183062,New Hampshire
183071,New Hampshire
183080,New Hampshire
183099,New Hampshire
183105,New Hampshire
183114,New Hampshire
183123,New Hampshire
183132,New Hampshire
183141,New Hampshire
183150,New Hampshire
183211,New Hampshire
183239,New Hampshire
183248,New Hampshire
183257,New Hampshire
183655,New Jersey
183743,New Jersey
183789,New Jersey
183822,New Jersey
183859,New Jersey
183877,New Jersey
183910,New Jersey
183938,New Jersey
183974,New Jersey
184180,New Jersey
184205,New Jersey
184348,New Jersey
184481,New Jersey
184603,New Jersey
184612,New Jersey
184694,New Jersey
184773,New Jersey
184782,New Jersey
184791,New Jersey
184959,New Jersey
184995,New Jersey
185129,New Jersey
185262,New Jersey
185509,New Jersey
185536,New Jersey
185572,New Jersey
185590,New Jersey
185828,New Jersey
185873,New Jersey
186034,New Jersey
186131,New Jersey
186186,New Jersey
186201,New Jersey
186283,New Jersey
186371,New Jersey
186380,New Jersey
186399,New Jersey
186432,New Jersey
186469,New Jersey
186584,New Jersey
186618,New Jersey
186645,New Jersey
186867,New Jersey
186876,New Jersey
187134,New Jersey
187198,New Jersey
187444,New Jersey
187532,New Mexico
187596,New Mexico
187620,New Mexico
187639,New Mexico
187648,New Mexico
187666,New Mexico
187745,New Mexico
187897,New Mexico
187903,New Mexico
187912,New Mexico
187958,New Mexico
187967,New Mexico
187976,New Mexico
187985,New Mexico
187994,New Mexico
188003,New Mexico
188021,New Mexico
188030,New Mexico
188049,New Mexico
188058,New Mexico
188100,New Mexico
188137,New Mexico
188146,New Mexico
188182,New Mexico
188216,New Mexico
188225,New Mexico
188261,New Mexico
188304,New Mexico
188340,New York
188429,New York
188438,New York
188465,New York
188517,New York
188526,New York
188641,New York
188678,New York
188687,New York
188854,New York
189088,New York
189097,New York
189228,New York
189282,New York
189413,New York
189422,New York
189459,New York
189547,New York
189556,New York
189565,New York
189574,New York
189583,New York
189592,New York
189653,New York
189705,New York
189811,New York
189839,New York
189848,New York
189857,New York
190044,New York
190053,New York
190099,New York
190114,New York
190150,New York
190169,New York
190248,New York
190372,New York
190415,New York
190442,New York
190451,New York
190503,New York
190512,New York
190521,New York
190530,New York
190549,New York
190558,New York
190567,New York
190585,New York
190594,New York
190600,New York
190619,New York
190628,New York
190637,New York
190646,New York
190655,New York
190664,New York
190673,New York
190691,New York
190716,New York
190725,New York
190761,New York
190770,New York
190840,New York
190956,New York
190974,New York
190983,New York
191083,New York
191126,New York
191199,New York
191205,New York
191241,New York
191302,New York
191339,New York
191515,New York
191533,New York
191597,New York
191612,New York
191621,New York
191630,New York
191649,New York
191676,New York
191719,New York
191764,New York
191931,New York
191959,New York
191968,New York
191986,New York
192004,New York
192022,New York
192040,New York
192110,New York
192156,New York
192165,New York
192192,New York
192271,New York
192323,New York
192439,New York
192448,New York
192509,New York
192624,New York
192688,New York
192703,New York
192712,New York
192749,New York
192785,New York
192819,New York
192864,New York
192925,New York
192961,New York
193016,New York
193052,New York
193201,New York
193247,New York
193283,New York
193292,New York
193308,New York
193326,New York
193353,New York
193399,New York
193478,New York
193584,New York
193645,New York
193654,New York
193900,New York
193946,New York
193973,New York
194028,New York
194091,New York
194116,New York
194161,New York
194222,New York
194240,New York
194310,New York
194392,New York
194499,New York
194541,New York
194569,New York
194578,New York
194611,New York
194657,New York
194666,New York
194763,New York
194824,New York
194958,New York
194967,New York
195003,New York
195030,New York
195058,New York
195128,New York
195164,New York
195173,New York
195191,New York
195216,New York
195234,New York
195243,New York
195289,New York
195304,New York
195322,New York
195438,New York
195474,New York
195526,New York
195544,New York
195687,New York
195720,New York
195784,New York
195809,New York
195845,New York
195988,New York
196006,New York
196015,New York
196024,New York
196033,New York
196042,New York
196051,New York
196060,New York
196079,New York
196088,New York
196097,New York
196103,New York
196112,New York
196121,New York
196130,New York
196149,New York
196158,New York
196167,New York
196176,New York
196185,New York
196194,New York
196200,New York
196219,New York
196237,New York
196246,New York
196264,New York
196291,New York
196389,New York
196413,New York
196431,New York
196477,New York
196565,New York
196583,New York
196592,New York
196653,New York
196699,New York
196866,New York
197018,New York
197027,New York
197045,New York
197081,New York
197133,New York
197142,New York
197151,New York
197197,New York
197230,New York
197285,New York
197294,New York
197522,New York
197601,New York
197610,New York
197647,New York
197674,New York
197708,New York
197735,New York
197744,New York
197814,North Carolina
197832,North Carolina
197850,North Carolina
197869,North Carolina
197887,North Carolina
197911,North Carolina
197966,North Carolina
197984,North Carolina
197993,North Carolina
198011,North Carolina
198039,North Carolina
198066,North Carolina
198084,North Carolina
198109,North Carolina
198118,North Carolina
198136,North Carolina
198154,North Carolina
198206,North Carolina
198215,North Carolina
198233,North Carolina
198242,North Carolina
198251,North Carolina
198260,North Carolina
198303,North Carolina
198321,North Carolina
198330,North Carolina
198367,North Carolina
198376,North Carolina
198385,North Carolina
198419,North Carolina
198455,North Carolina
198464,North Carolina
198491,North Carolina
198507,North Carolina
198516,North Carolina
198534,North Carolina
198543,North Carolina
198552,North Carolina
198561,North Carolina
198570,North Carolina
198598,North Carolina
198613,North Carolina
198622,North Carolina
198640,North Carolina
198668,North Carolina
198695,North Carolina
198710,North Carolina
198729,North Carolina
198747,North Carolina
198756,North Carolina
198774,North Carolina
198808,North Carolina
198817,North Carolina
198835,North Carolina
198862,North Carolina
198871,North Carolina
198899,North Carolina
198905,North Carolina
198914,North Carolina
198923,North Carolina
198950,North Carolina
198969,North Carolina
198978,North Carolina
198987,North Carolina
199023,North Carolina
199032,North Carolina
199069,North Carolina
199087,North Carolina
199102,North Carolina
199111,North Carolina
199120,North Carolina
199139,North Carolina
199148,North Carolina
199157,North Carolina
199184,North Carolina
199193,North Carolina
199209,North Carolina
199218,North Carolina
199263,North Carolina
199272,North Carolina
199281,North Carolina
199306,North Carolina
199315,North Carolina
199324,North Carolina
199333,North Carolina
199412,North Carolina
199421,North Carolina
199449,North Carolina
199458,North Carolina
199467,North Carolina
199476,North Carolina
199485,North Carolina
199494,North Carolina
199582,North Carolina
199607,North Carolina
199625,North Carolina
199634,North Carolina
199643,North Carolina
199698,North Carolina
199722,North Carolina
199731,North Carolina
199740,North Carolina
199768,North Carolina
199786,North Carolina
199795,North Carolina
199838,North Carolina
199847,North Carolina
199856,North Carolina
199865,North Carolina
199892,North Carolina
199908,North Carolina
199926,North Carolina
199953,North Carolina
199962,North Carolina
199999,North Carolina
200004,North Carolina
200013,North Dakota
200022,North Dakota
200059,North Dakota
200086,North Dakota
200156,North Dakota
200192,North Dakota
200208,North Dakota
200217,North Dakota
200226,North Dakota
200253,North Dakota
200280,North Dakota
200305,North Dakota
200314,North Dakota
200332,North Dakota
200341,North Dakota
200466,North Dakota
200484,North Dakota
200527,North Dakota
200554,North Dakota
200572,North Dakota
200590,Ohio
200633,Ohio
200785,Ohio
200800,Ohio
200846,Ohio
201016,Ohio
201061,Ohio
201104,Ohio
201177,Ohio
201195,Ohio
201283,Ohio
201371,Ohio
201399,Ohio
201432,Ohio
201441,Ohio
201469,Ohio
201548,Ohio
201645,Ohio
201654,Ohio
201672,Ohio
201690,Ohio
201751,Ohio
201821,Ohio
201858,Ohio
201885,Ohio
201928,Ohio
201946,Ohio
201955,Ohio
201964,Ohio
201973,Ohio
202046,Ohio
202073,Ohio
202134,Ohio
202161,Ohio
202170,Ohio
202222,Ohio
202356,Ohio
202435,Ohio
202480,Ohio
202514,Ohio
202523,Ohio
202648,Ohio
202684,Ohio
202763,Ohio
202806,Ohio
202903,Ohio
202912,Ohio
203085,Ohio
203128,Ohio
203155,Ohio
203313,Ohio
203331,Ohio
203368,Ohio
203386,Ohio
203447,Ohio
203456,Ohio
203465,Ohio
203474,Ohio
203483,Ohio
203492,Ohio
203517,Ohio
203526,Ohio
203535,Ohio
203544,Ohio
203580,Ohio
203599,Ohio
203678,Ohio
203720,Ohio
203739,Ohio
203748,Ohio
203757,Ohio
203775,Ohio
203845,Ohio
203881,Ohio
203960,Ohio
204006,Ohio
204015,Ohio
204024,Ohio
204060,Ohio
204176,Ohio
204185,Ohio
204194,Ohio
204200,Ohio
204255,Ohio
204264,Ohio
204307,Ohio
204316,Ohio
204422,Ohio
204440,Ohio
204468,Ohio
204486,Ohio
204501,Ohio
204592,Ohio
204608,Ohio
204617,Ohio
204626,Ohio
204635,Ohio
204662,Ohio
204671,Ohio
204680,Ohio
204699,Ohio
204705,Ohio
204796,Ohio
204802,Ohio
204820,Ohio
204839,Ohio
204848,Ohio
204857,Ohio
204866,Ohio
204884,Ohio
204909,Ohio
204936,Ohio
204945,Ohio
205027,Ohio
205054,Ohio
205179,Ohio
205203,Ohio
205391,Ohio
205443,Ohio
205470,Ohio
205513,Ohio
205522,Ohio
205559,Ohio
205568,Ohio
205610,Ohio
205647,Ohio
205708,Ohio
205726,Ohio
205841,Ohio
205887,Ohio
205957,Ohio
205966,Ohio
206002,Ohio
206011,Ohio
206048,Ohio
206084,Ohio
206093,Ohio
206224,Ohio
206279,Ohio
206330,Ohio
206349,Ohio
206394,Ohio
206437,Ohio
206446,Ohio
206491,Ohio
206507,Ohio
206525,Ohio
206589,Ohio
206604,Ohio
206613,Ohio
206622,Ohio
206631,Ohio
206695,Ohio
206817,Oklahoma
206835,Oklahoma
206862,Oklahoma
206914,Oklahoma
206923,Oklahoma
206941,Oklahoma
206996,Oklahoma
207041,Oklahoma
207050,Oklahoma
207069,Oklahoma
207157,Oklahoma
207209,Oklahoma
207236,Oklahoma
207254,Oklahoma
207263,Oklahoma
207281,Oklahoma
207290,Oklahoma
207306,Oklahoma
207324,Oklahoma
207351,Oklahoma
207388,Oklahoma
207397,Oklahoma
207403,Oklahoma
207449,Oklahoma
207458,Oklahoma
207500,Oklahoma
207564,Oklahoma
207582,Oklahoma
207625,Oklahoma
207661,Oklahoma
207670,Oklahoma
207689,Oklahoma
207722,Oklahoma
207740,Oklahoma
207847,Oklahoma
207856,Oklahoma
207865,Oklahoma
207935,Oklahoma
207962,Oklahoma
207971,Oklahoma
208035,Oklahoma
208239,Oregon
208275,Oregon
208318,Oregon
208390,Oregon
208406,Oregon
208415,Oregon
208479,Oregon
208488,Oregon
208646,Oregon
208725,Oregon
208822,Oregon
208965,Oregon
209038,Oregon
209056,Oregon
209065,Oregon
209074,Oregon
209108,Oregon
209241,Oregon
209250,Oregon
209287,Oregon
209409,Oregon
209506,Oregon
209533,Oregon
209542,Oregon
209551,Oregon
209603,Oregon
209612,Oregon
209746,Oregon
209807,Oregon
209825,Oregon
209922,Oregon
209940,Oregon
210076,Oregon
210146,Oregon
210155,Oregon
210234,Oregon
210270,Oregon
210304,Oregon
210331,Oregon
210359,Oregon
210401,Oregon
210429,Oregon
210492,Pennsylvania
210571,Pennsylvania
210605,Pennsylvania
210669,Pennsylvania
210739,Pennsylvania
210775,Pennsylvania
210890,Pennsylvania
210906,Pennsylvania
210942,Pennsylvania
210960,Pennsylvania
211024,Pennsylvania
211079,Pennsylvania
211088,Pennsylvania
211149,Pennsylvania
211158,Pennsylvania
211200,Pennsylvania
211273,Pennsylvania
211291,Pennsylvania
211307,Pennsylvania
211316,Pennsylvania
211343,Pennsylvania
211352,Pennsylvania
211361,Pennsylvania
211398,Pennsylvania
211431,Pennsylvania
211440,Pennsylvania
211468,Pennsylvania
211477,Pennsylvania
211556,Pennsylvania
211583,Pennsylvania
211608,Pennsylvania
211617,Pennsylvania
211644,Pennsylvania
211820,Pennsylvania
211893,Pennsylvania
211909,Pennsylvania
211927,Pennsylvania
211981,Pennsylvania
212009,Pennsylvania
212045,Pennsylvania
212054,Pennsylvania
212072,Pennsylvania
212090,Pennsylvania
212106,Pennsylvania
212115,Pennsylvania
212133,Pennsylvania
212160,Pennsylvania
212197,Pennsylvania
212425,Pennsylvania
212434,Pennsylvania
212577,Pennsylvania
212601,Pennsylvania
212656,Pennsylvania
212674,Pennsylvania
212832,Pennsylvania
212869,Pennsylvania
212878,Pennsylvania
212911,Pennsylvania
212975,Pennsylvania
212984,Pennsylvania
212993,Pennsylvania
213002,Pennsylvania
213011,Pennsylvania
213020,Pennsylvania
213233,Pennsylvania
213251,Pennsylvania
213303,Pennsylvania
213321,Pennsylvania
213349,Pennsylvania
213358,Pennsylvania
213367,Pennsylvania
213376,Pennsylvania
213385,Pennsylvania
213400,Pennsylvania
213473,Pennsylvania
213507,Pennsylvania
213525,Pennsylvania
213534,Pennsylvania
213543,Pennsylvania
213570,Pennsylvania
213589,Pennsylvania
213598,Pennsylvania
213613,Pennsylvania
213659,Pennsylvania
213668,Pennsylvania
213774,Pennsylvania
213783,Pennsylvania
213826,Pennsylvania
213914,Pennsylvania
213987,Pennsylvania
213996,Pennsylvania
214023,Pennsylvania
214041,Pennsylvania
214069,Pennsylvania
214111,Pennsylvania
214148,Pennsylvania
214157,Pennsylvania
214166,Pennsylvania
214175,Pennsylvania
214272,Pennsylvania
214290,Pennsylvania
214379,Pennsylvania
214528,Pennsylvania
214582,Pennsylvania
214591,Pennsylvania
214625,Pennsylvania
214634,Pennsylvania
214643,Pennsylvania
214652,Pennsylvania
214670,Pennsylvania
214689,Pennsylvania
214698,Pennsylvania
214704,Pennsylvania
214713,Pennsylvania
214731,Pennsylvania
214740,Pennsylvania
214759,Pennsylvania
214768,Pennsylvania
214777,Pennsylvania
214786,Pennsylvania
214795,Pennsylvania
214801,Pennsylvania
214810,Pennsylvania
214829,Pennsylvania
214838,Pennsylvania
214883,Pennsylvania
214892,Pennsylvania
214944,Pennsylvania
214971,Pennsylvania
215053,Pennsylvania
215062,Pennsylvania
215099,Pennsylvania
215105,Pennsylvania
215114,Pennsylvania
215132,Pennsylvania
215239,Pennsylvania
215266,Pennsylvania
215275,Pennsylvania
215284,Pennsylvania
215293,Pennsylvania
215309,Pennsylvania
215381,Pennsylvania
215390,Pennsylvania
215415,Pennsylvania
215433,Pennsylvania
215442,Pennsylvania
215585,Pennsylvania
215637,Pennsylvania
215646,Pennsylvania
215655,Pennsylvania
215682,Pennsylvania
215691,Pennsylvania
215743,Pennsylvania
215770,Pennsylvania
215798,Pennsylvania
215929,Pennsylvania
215947,Pennsylvania
215992,Pennsylvania
216010,Pennsylvania
216038,Pennsylvania
216047,Pennsylvania
216083,Pennsylvania
216278,Pennsylvania
216287,Pennsylvania
216296,Pennsylvania
216311,Pennsylvania
216339,Pennsylvania
216357,Pennsylvania
216418,Pennsylvania
216427,Pennsylvania
216436,Pennsylvania
216445,Pennsylvania
216454,Pennsylvania
216524,Pennsylvania
216542,Pennsylvania
216551,Pennsylvania
216597,Pennsylvania
216667,Pennsylvania
216694,Pennsylvania
216764,Pennsylvania
216782,Pennsylvania
216807,Pennsylvania
216825,Pennsylvania
216852,Pennsylvania
216931,Pennsylvania
217013,Pennsylvania
217059,Pennsylvania
217077,Pennsylvania
217086,Pennsylvania
217156,Rhode Island
217165,Rhode Island
217235,Rhode Island
217305,Rhode Island
217402,Rhode Island
217420,Rhode Island
217475,Rhode Island
217484,Rhode Island
217493,Rhode Island
217518,Rhode Island
217536,Rhode Island
217606,Massachusetts
217615,South Carolina
217624,South Carolina
217633,South Carolina
217688,South Carolina
217712,South Carolina
217721,South Carolina
217749,South Carolina
217776,South Carolina
217819,South Carolina
217837,South Carolina
217864,South Carolina
217873,South Carolina
217882,South Carolina
217891,South Carolina
217907,South Carolina
217925,South Carolina
217934,South Carolina
217961,South Carolina
217989,South Carolina
217998,South Carolina
218025,South Carolina
218043,South Carolina
218061,South Carolina
218070,South Carolina
218113,South Carolina
218140,South Carolina
218229,South Carolina
218238,South Carolina
218353,South Carolina
218399,South Carolina
218414,South Carolina
218441,South Carolina
218487,South Carolina
218520,South Carolina
218539,South Carolina
218645,South Carolina
218654,South Carolina
218663,South Carolina
218672,South Carolina
218681,South Carolina
218690,South Carolina
218706,South Carolina
218724,South Carolina
218733,South Carolina
218742,South Carolina
218821,South Carolina
218830,South Carolina
218858,South Carolina
218885,South Carolina
218894,South Carolina
218919,South Carolina
218955,South Carolina
218964,South Carolina
218973,South Carolina
218991,South Carolina
219000,South Dakota
219046,South Dakota
219055,South Dakota
219082,South Dakota
219091,South Dakota
219143,South Dakota
219189,South Dakota
219198,South Dakota
219204,South Dakota
219213,South Dakota
219259,South Dakota
219277,South Dakota
219295,South Dakota
219347,South Dakota
219356,South Dakota
219374,South Dakota
219383,South Dakota
219408,South Dakota
219426,South Dakota
219471,South Dakota
219480,South Dakota
219505,Tennessee
219578,Tennessee
219602,Tennessee
219639,Tennessee
219709,Tennessee
219718,Tennessee
219790,Tennessee
219806,Tennessee
219824,Tennessee
219833,Tennessee
219879,Tennessee
219888,Tennessee
219903,Tennessee
219949,Tennessee
219976,Tennessee
220002,Tennessee
220057,Tennessee
220075,Tennessee
220118,Tennessee
220181,Tennessee
220206,Tennessee
220215,Tennessee
220312,Tennessee
220400,Tennessee
220464,Tennessee
220473,Tennessee
220516,Tennessee
220552,Tennessee
220598,Tennessee
220604,Tennessee
220613,Tennessee
220631,Tennessee
220701,Tennessee
220710,Tennessee
220808,Tennessee
220862,Tennessee
220941,Tennessee
220978,Tennessee
221014,Tennessee
221096,Tennessee
221148,Tennessee
221184,Tennessee
221254,Tennessee
221351,Tennessee
221397,Tennessee
221485,Tennessee
221519,Tennessee
221643,Tennessee
221661,Tennessee
221731,Tennessee
221740,Tennessee
221759,Tennessee
221768,Tennessee
221795,Tennessee
221838,Tennessee
221847,Tennessee
221856,Tennessee
221892,Tennessee
221908,Tennessee
221953,Tennessee
221971,Tennessee
221999,Tennessee
222053,Tennessee
222062,Tennessee
222099,Tennessee
222105,Tennessee
222178,Texas
222567,Texas
222576,Texas
222822,Texas
222831,Texas
222877,Texas
222938,Texas
222983,Texas
222992,Texas
223232,Texas
223320,Texas
223427,Texas
223463,Texas
223472,Texas
223506,Texas
223524,Texas
223773,Texas
223816,Texas
223898,Texas
223922,Texas
224004,Texas
224110,Texas
224147,Texas
224183,Texas
224226,Texas
224244,Texas
224271,Texas
224323,Texas
224350,Texas
224439,Texas
224527,Texas
224545,Texas
224554,Texas
224572,Texas
224615,Texas
224642,Texas
224660,Texas
224679,Texas
224776,Texas
224891,Texas
224961,Texas
225070,Texas
225201,Texas
225247,Texas
225308,Texas
225371,Texas
225399,Texas
225423,Texas
225432,Texas
225502,Texas
225511,Texas
225520,Texas
225548,Texas
225575,Texas
225627,Texas
225779,Texas
225788,Texas
225849,Texas
225858,Texas
225876,Texas
225885,Texas
225991,Texas
226019,Texas
226091,Texas
226107,Texas
226116,Texas
226134,Texas
226152,Texas
226204,Texas
226231,Texas
226277,Texas
226383,Texas
226408,Texas
226471,Texas
226578,Texas
226587,Texas
226806,Texas
226833,Texas
226879,Texas
226930,Texas
227146,Texas
227182,Texas
227191,Texas
227216,Texas
227225,Texas
227243,Texas
227304,Texas
227331,Texas
227368,Texas
227377,Texas
227386,Texas
227401,Texas
227429,Texas
227526,Texas
227687,Texas
227757,Texas
227766,Texas
227836,Texas
227845,Texas
227854,Texas
227863,Texas
227881,Texas
227924,Texas
227979,Texas
228042,Texas
228149,Texas
228158,Texas
228246,Texas
228316,Texas
228325,Texas
228343,Texas
228431,Texas
228459,Texas
228468,Texas
228486,Texas
228501,Texas
228529,Texas
228547,Texas
228608,Texas
228680,Texas
228699,Texas
228705,Texas
228723,Texas
228769,Texas
228778,Texas
228787,Texas
228796,Texas
228802,Texas
228875,Texas
228884,Texas
228981,Texas
229018,Texas
229027,Texas
229036,Texas
229063,Texas
229115,Texas
229160,Texas
229179,Texas
229267,Texas
229319,Texas
229328,Texas
229355,Texas
229504,Texas
229540,Texas
229780,Texas
229799,Texas
229814,Texas
229832,Texas
229841,Texas
229887,Texas
230038,Utah
230047,Hawaii
230056,Utah
230171,Utah
230366,Utah
230384,Utah
230418,Utah
230472,Utah
230597,Utah
230603,Utah
230621,Utah
230630,Utah
230728,Utah
230737,Utah
230746,Utah
230764,Utah
230782,Utah
230807,Utah
230816,Vermont
230825,Vermont
230834,Vermont
230852,Vermont
230861,Vermont
230889,Vermont
230898,Vermont
230913,Vermont
230931,Vermont
230940,Vermont
230959,Vermont
230977,Vermont
230995,Vermont
231059,Vermont
231077,Vermont
231086,Vermont
231095,Vermont
231165,Vermont
231174,Vermont
231411,Virginia
231420,Virginia
231536,Virginia
231554,Virginia
231581,Virginia
231624,Virginia
231651,Virginia
231697,Virginia
231712,Virginia
231785,Virginia
231828,Virginia
231837,Virginia
231873,Virginia
231882,Virginia
232016,Virginia
232025,Virginia
232043,Virginia
232052,Virginia
232089,Virginia
232186,Virginia
232195,Virginia
232256,Virginia
232265,Virginia
232308,Virginia
232414,Virginia
232423,Virginia
232450,Virginia
232557,Virginia
232566,Virginia
232575,Virginia
232609,Virginia
232672,Virginia
232681,Virginia
232706,Virginia
232788,Virginia
232797,Virginia
232867,Virginia
232937,Virginia
232946,Virginia
232982,Virginia
233019,Virginia
233037,Virginia
233091,Virginia
233116,Virginia
233277,Virginia
233295,Virginia
233301,Virginia
233310,Virginia
233329,Virginia
233338,Virginia
233356,Virginia
233374,Virginia
233426,Virginia
233541,Virginia
233611,Virginia
233639,Virginia
233648,Virginia
233684,Virginia
233718,Virginia
233754,Virginia
233772,Virginia
233897,Virginia
233903,Virginia
233912,Virginia
233921,Virginia
233949,Virginia
234030,Virginia
234076,Virginia
234085,Virginia
234137,Virginia
234155,Virginia
234164,Virginia
234173,Virginia
234207,Virginia
234377,Virginia
234492,Washington
234669,Washington
234696,Washington
234711,Washington
234827,Washington
234845,Washington
234915,Washington
234933,Washington
234951,Washington
234979,Washington
235024,Washington
235097,Washington
235103,Washington
235149,Washington
235167,Washington
235237,Washington
235316,Washington
235334,Washington
235343,Washington
235422,Washington
235431,Washington
235495,Washington
235510,Washington
235529,Washington
235671,Washington
235699,Washington
235750,Washington
235769,Washington
236072,Washington
236133,Washington
236188,Washington
236230,Washington
236258,Washington
236328,Washington
236382,Washington
236452,Washington
236504,Washington
236513,Washington
236577,Washington
236595,Washington
236610,Washington
236638,Washington
236656,Washington
236692,Washington
236708,Washington
236753,Washington
236887,Washington
236896,Washington
236939,Washington
236948,Washington
236975,Washington
236993,Washington
237011,Washington
237039,Washington
237057,Washington
237066,Washington
237109,Washington
237118,West Virginia
237136,West Virginia
237181,West Virginia
237215,West Virginia
237312,West Virginia
237330,West Virginia
237358,West Virginia
237367,West Virginia
237385,West Virginia
237437,West Virginia
237525,West Virginia
237598,West Virginia
237604,West Virginia
237640,West Virginia
237686,West Virginia
237701,West Virginia
237783,West Virginia
237792,West Virginia
237817,West Virginia
237899,West Virginia
237932,West Virginia
237950,West Virginia
237969,West Virginia
237978,West Virginia
237987,West Virginia
237996,West Virginia
238014,West Virginia
238032,West Virginia
238078,West Virginia
238193,Wisconsin
238263,Wisconsin
238324,Wisconsin
238333,Wisconsin
238397,Wisconsin
238430,Wisconsin
238458,Wisconsin
238476,Wisconsin
238616,Wisconsin
238661,Wisconsin
238722,Wisconsin
238759,Wisconsin
238892,Wisconsin
238980,Wisconsin
239008,Wisconsin
239017,Wisconsin
239071,Wisconsin
239080,Wisconsin
239105,Wisconsin
239220,Wisconsin
239248,Wisconsin
239309,Wisconsin
239318,Wisconsin
239372,Wisconsin
239390,Wisconsin
239442,Wisconsin
239460,Wisconsin
239488,Wisconsin
239503,Wisconsin
239512,Wisconsin
239628,Wisconsin
239716,Wisconsin
239743,Wisconsin
239910,Wisconsin
239929,Wisconsin
240055,Wisconsin
240107,Wisconsin
240116,Wisconsin
240125,Wisconsin
240170,Wisconsin
240189,Wisconsin
240198,Wisconsin
240268,Wisconsin
240277,Wisconsin
240329,Wisconsin
240338,Wisconsin
240365,Wisconsin
240374,Wisconsin
240392,Wisconsin
240417,Wisconsin
240426,Wisconsin
240444,Wisconsin
240453,Wisconsin
240462,Wisconsin
240471,Wisconsin
240480,Wisconsin
240505,Wyoming
240514,Wyoming
240596,Wyoming
240620,Wyoming
240657,Wyoming
240666,Wyoming
240693,Wyoming
240718,Wyoming
240727,Wyoming
243744,California
243780,Indiana
243823,Texas
244011,California
244154,Colorado
244190,Delaware
244233,Florida
244279,Florida
244437,Georgia
244446,Georgia
245032,Kentucky
245342,Missouri
245421,Missouri
245430,Missouri
245625,New Jersey
245652,New Mexico
245883,Washington
245953,Oklahoma
245962,Oklahoma
246008,Oklahoma
246035,Oregon
246202,Tennessee
246266,Texas
246354,Texas
246813,Georgia
246974,California
247065,Kentucky
247603,New Jersey
247649,Vermont
247700,Missouri
247834,Texas
247940,Kentucky
248776,Georgia
248846,California
248882,New Mexico
248934,Virginia
249609,Pennsylvania
250027,Pennsylvania
250601,Arizona
251075,Pennsylvania
251251,Indiana
251260,Alabama
251312,South Carolina
260293,Florida
260354,Pennsylvania
260372,Wisconsin
260691,Arizona
260789,California
260813,Colorado
260901,Iowa
260910,Iowa
260974,Illinois
260992,Illinois
261472,Michigan
261861,Pennsylvania
261931,Virginia
262031,Missouri
262086,California
262129,Florida
262332,Arizona
262457,California
262509,Colorado
363387,California
363439,Kentucky
363633,New Mexico
363934,Arizona
364016,Arizona
364025,Arizona
364168,Wisconsin
364955,Texas
364973,Texas
365055,New York
365204,Texas
366003,Florida
366252,Pennsylvania
366261,Texas
366270,Louisiana
366340,Montana
366395,New York
366401,California
366447,Georgia
366465,Georgia
366535,Alabama
366544,Colorado
366553,Florida
366580,Massachusetts
366650,Tennessee
366678,Texas
366696,Texas
366711,California
366748,Hawaii
366960,California
367024,Iowa
367097,Kansas
367112,Louisiana
367194,Minnesota
367316,Texas
367459,Arkansas
367839,Colorado
367884,Florida
367909,Florida
367936,Georgia
368443,Tennessee
368452,Tennessee
368601,Virginia
368629,Washington
368780,California
368805,California
368911,Georgia
369084,New Mexico
369516,Missouri
369862,Ohio
369905,Ohio
371052,Alabama
371760,California
371779,California
371982,California
372037,California
372073,California
372213,Arizona
372222,California
372329,Colorado
372578,Florida
372772,Florida
372921,Georgia
372958,Hawaii
373058,Iowa
373085,Iowa
373827,Maine
374875,Nevada
374972,New York
375230,New York
375416,Ohio
375489,Ohio
375841,Oregon
375939,Pennsylvania
377069,Texas
377111,Texas
377342,Utah
377449,Virginia
377458,Virginia
377546,Washington
377555,Washington
377564,Washington
378406,California
378576,California
379029,Florida
379782,Texas
380094,Texas
380359,Michigan
380368,Minnesota
380377,Washington
380438,Utah
380465,Utah
381617,Michigan
381732,Colorado
381787,Colorado
381909,California
382504,North Carolina
382771,Tennessee
382896,Texas
382911,Texas
382957,Virginia
383190,Hawaii
383950,Mississippi
383996,New Mexico
384209,Arizona
384254,Florida
384333,Arizona
384342,Illinois
384412,District of Columbia
385008,Florida
385503,Pennsylvania
385619,Florida
386472,Florida
387925,Florida
388043,Tennessee
388520,Texas
389727,Florida
390701,Florida
392257,Texas
392840,Tennessee
395362,California
398130,California
398574,California
399212,California
399869,California
399911,California
401223,California
402776,New Mexico
403469,Illinois
403478,Illinois
403487,Illinois
404055,Arizona
404073,Michigan
404082,Michigan
404338,Florida
404365,Missouri
404374,Missouri
404383,Missouri
404426,Arizona
404499,Texas
404505,Florida
404514,Texas
404648,Michigan
404912,Colorado
404921,Florida
404994,New York
405058,New York
405854,New York
405872,Maryland
405979,Arizona
405988,Colorado
405997,New Mexico
406006,California
406015,California
406024,Florida
406033,Texas
406194,Illinois
406200,Kansas
406219,Kentucky
406547,Florida
407063,Florida
407285,Minnesota
407319,Nebraska
407328,Nebraska
408039,Indiana
408394,Texas
408844,Florida
409069,Florida
409315,Texas
409670,Florida
409698,California
409874,California
410070,Oklahoma
410283,Georgia
410496,New York
410502,California
410520,California
410539,Colorado
412599,Tennessee
413413,Minnesota
413617,Wisconsin
413626,Minnesota
413839,Arkansas
413848,California
413857,Kentucky
413866,South Carolina
413884,Tennessee
414160,Michigan
414531,Washington
414568,Alabama
414586,Illinois
414595,New York
414708,Michigan
414823,Florida
414841,Pennsylvania
414878,Indiana
414911,Pennsylvania
416962,Nevada
417318,Florida
417327,Florida
417734,Missouri
418126,New York
418870,Tennessee
418889,Tennessee
419457,Virginia
419509,California
420006,Florida
420024,Virginia
420042,Hawaii
420103,Florida
420307,Alabama
420316,Alabama
420398,Texas
420404,New York
420431,Georgia
420440,Maine
420495,Georgia
420501,Ohio
420538,Arkansas
420556,Oregon
420723,Oregon
421009,Louisiana
421018,Michigan
421513,Kentucky
421708,Arizona
421832,North Carolina
421878,New Jersey
422020,California
422695,California
423652,Oregon
423980,California
426314,Florida
427663,Texas
427973,Virginia
427982,Virginia
428170,Florida
428268,Florida
428286,Illinois
428329,Pennsylvania
428392,Oregon
428444,Arizona
429128,Massachusetts
429599,Nevada
430050,Minnesota
430087,Colorado
430148,Oregon
430157,Florida
430166,Arizona
430184,Maryland
430263,Florida
430351,Pennsylvania
430360,Pennsylvania
430379,Ohio
430388,Ohio
430485,Nebraska
430795,West Virginia
430810,New Hampshire
431141,California
431886,Texas
432223,Washington
432232,Florida
432241,Oregon
432302,California
432384,California
432524,Delaware
432533,California
433004,California
433013,California
433174,North Carolina
433387,Utah
433420,California
433536,Louisiana
433563,Kentucky
433660,Florida
434016,Nebraska
434034,Maryland
434052,Texas
434061,Louisiana
434140,California
434159,Georgia
434414,Michigan
434539,Florida
434548,Missouri
434557,Illinois
434566,New York
434575,New York
434584,Alaska
434672,Maryland
434690,South Carolina
434751,Minnesota
434821,Louisiana
434946,Florida
434955,Florida
434964,Florida
434973,Maryland
434982,Oklahoma
434991,Oklahoma
436094,Arizona
436182,Missouri
436191,Missouri
436225,Florida
436304,Louisiana
436429,California
436438,California
436483,Minnesota
436702,Florida
437042,Louisiana
437051,Virginia
437060,Oklahoma
437097,Virginia
437103,Louisiana
437219,California
437732,Texas
437750,California
437769,Virginia
437848,California
437936,California
438151,Utah
438179,Arizona
438212,Pennsylvania
438258,California
438285,Florida
438294,Florida
438382,Colorado
438416,Michigan
438498,Virginia
438586,Georgia
438601,Florida
438610,Pennsylvania
438629,Pennsylvania
438647,Virginia
438708,West Virginia
438869,Arkansas
438902,Florida
439057,Washington
439118,Washington
439127,Texas
439136,Massachusetts
439145,Washington
439190,Washington
439279,Missouri
439288,Colorado
439297,Ohio
439367,California
439437,Florida
439455,Ohio
439482,Louisiana
439525,Florida
439570,Oklahoma
439613,Indiana
439701,California
439738,Louisiana
439792,Florida
439826,California
440110,Tennessee
440129,Texas
440147,Illinois
440271,Louisiana
440299,California
440323,Texas
440332,Texas
440341,Virginia
440402,Arkansas
440420,Massachusetts
440439,Texas
440448,Texas
440457,Wisconsin
440466,Idaho
440484,California
440642,Pennsylvania
440749,South Dakota
440758,New Mexico
440767,Minnesota
440794,New Jersey
440873,Tennessee
440882,Oklahoma
440891,Kansas
440925,Florida
441025,South Carolina
441052,California
441070,Michigan
441089,Pennsylvania
441201,Ohio
441487,Missouri
441502,Mississippi
441511,North Carolina
441636,Ohio
441760,Texas
441858,Virginia
441900,Nevada
441919,Mississippi
441928,Texas
441937,California
441955,Virginia
441964,Virginia
441973,California
441982,Massachusetts
442037,Pennsylvania
442046,Pennsylvania
442143,Missouri
442152,Georgia
442161,Illinois
442170,Tennessee
442189,Virginia
442231,Florida
442338,Michigan
442347,Pennsylvania
442356,Pennsylvania
442383,West Virginia
442408,Ohio
442426,Missouri
442444,California
442569,Missouri
442578,Minnesota
442602,New Mexico
442718,Kansas
442745,Florida
442781,Arizona
442790,Texas
442879,Arizona
442930,California
443049,Washington
443270,Florida
443331,California
443340,Tennessee
443377,Pennsylvania
443410,Washington
443438,Florida
443474,North Carolina
443492,West Virginia
443526,Georgia
443535,Ohio
443544,Indiana
443623,Georgia
443650,Tennessee
443687,Illinois
443739,Missouri
443766,Tennessee
443784,Pennsylvania
443827,Texas
443836,Texas
443854,Texas
443881,Georgia
443890,Tennessee
443924,Arkansas
444088,New Mexico
444158,Colorado
444167,Michigan
444219,California
444255,Tennessee
444343,California
444389,Texas
444398,Texas
444413,New York
444565,Texas
444574,Florida
444778,North Carolina
444927,Arizona
444954,West Virginia
444972,South Carolina
445018,West Virginia
445027,Illinois
445072,Georgia
445081,Minnesota
445090,Alabama
445115,Nevada
445124,Michigan
445133,Texas
445188,California
445197,Texas
445203,Texas
445230,Nevada
445249,Tennessee
445258,Oklahoma
445276,Georgia
445300,New Jersey
445319,Minnesota
445328,Texas
445346,Texas
445391,Kentucky
445434,Florida
445470,Virginia
445559,Missouri
445601,Tennessee
445610,Missouri
445674,West Virginia
445692,Utah
445708,North Carolina
445717,California
445726,Missouri
445753,Florida
445762,Virginia
445814,Missouri
445920,Minnesota
445939,Minnesota
446048,Florida
446093,California
446233,Arkansas
446385,California
446552,Florida
446604,New York
446640,Pennsylvania
446668,Ohio
446677,Utah
446738,Texas
446747,Texas
446756,Virginia
446765,North Carolina
446774,West Virginia
446792,Nevada
446808,Washington
446835,Florida
446844,Minnesota
446880,Louisiana
446899,Missouri
446905,Georgia
446914,Maryland
446923,Ohio
447014,Florida
447050,California
447069,Virginia
447102,California
447120,California
447263,Utah
447272,California
447290,Florida
447351,California
447360,Florida
447379,Oklahoma
447421,Utah
447458,California
447582,West Virginia
447625,Utah
447634,California
447670,Minnesota
447689,Georgia
447768,California
447847,Florida
447935,Kentucky
447953,California
448309,Georgia
448345,Indiana
448354,New Jersey
448372,California
448415,Indiana
448442,North Carolina
448451,California
448460,Pennsylvania
448479,Michigan
448488,Kentucky
448497,Ohio
448503,Oklahoma
448512,Oklahoma
448576,California
448585,Missouri
448594,California
448600,Ohio
448628,Virginia
448664,Tennessee
448673,Illinois
448734,Colorado
448761,Colorado
448840,Florida
448859,Pennsylvania
449010,Tennessee
449038,Florida
449074,Washington
449083,Florida
449092,Florida
449117,North Carolina
449126,Ohio
449524,Florida
449612,Louisiana
449658,New Jersey
449764,Tennessee
449870,California
449898,Florida
450003,Ohio
450049,Utah
450058,Ohio
450067,Ohio
450085,South Carolina
450094,California
450128,Louisiana
450155,Wisconsin
450191,Mississippi
450207,Florida
450216,Louisiana
450225,South Carolina
450234,Kansas
450243,Georgia
450252,Alabama
450261,Tennessee
450270,Indiana
450289,Tennessee
450298,Delaware
450377,Alabama
450401,Oklahoma
450429,Utah
450447,California
450465,Texas
450526,California
450535,Tennessee
450571,Wisconsin
450696,California
450702,California
450933,Alabama
451060,Florida
451404,New York
451556,Texas
451662,Pennsylvania
451671,Florida
451699,Indiana
451750,Wisconsin
451769,Minnesota
451796,Michigan
451820,Texas
451848,California
451875,Texas
451936,North Carolina
451945,Alabama
451954,Iowa
451963,Ohio
451972,Arizona
451981,Wisconsin
451990,North Carolina
452018,Kansas
452027,North Carolina
452063,Texas
452115,Alabama
452373,Ohio
453109,Missouri
453127,Kentucky
453163,North Carolina
453215,New Jersey
453455,Ohio
453464,Ohio
453473,Ohio
453482,Ohio
453747,Ohio
454184,New York
454227,Illinois
454236,Ohio
454245,Arizona
454458,Arkansas
454591,Utah
454616,Minnesota
454625,South Carolina
454740,California
454856,Colorado
454883,Florida
455114,Idaho
455257,New York
455390,Virginia
455479,Florida
455488,Alabama
455512,California
455585,Minnesota
455600,Idaho
455619,Oklahoma
455646,Kentucky
455655,North Carolina
455673,Missouri
455716,Florida
455983,Virginia
456010,Virginia
456056,South Carolina
456205,North Carolina
456296,Florida
456393,Mississippi
456409,Missouri
456418,West Virginia
456427,California
456445,North Carolina
456490,Florida
456612,Arizona
456667,Ohio
456782,Minnesota
456791,South Carolina
456807,South Dakota
456816,Wisconsin
456834,Minnesota
457022,Ohio
457101,Nevada
457484,Hawaii
457688,Missouri
458210,California
458229,California
458256,Georgia
458432,Ohio
458502,Wisconsin
458557,Kentucky
458733,Wisconsin
458742,Minnesota
458760,Wisconsin
458779,Wisconsin
458919,Georgia
458964,South Carolina
458973,Texas
458991,Wisconsin
459204,California
459356,Illinois
459675,Colorado
459693,California
459709,Michigan
459718,Nevada
459727,California
459815,New Mexico
459842,Wisconsin
459994,District of Columbia
460394,California
460464,California
460747,Illinois
461032,North Carolina
461236,Georgia
461315,Michigan
461528,North Carolina
462354,California
466921,Missouri
474881,Minnesota
475291,Minnesota
